ligand_gene,receptor_gene,ligand_cell_type,receptor_cell_type,correlation
ACTA2,ANXA2,Endothelial,Pericyte,0.816822378
ACTA2,ANXA2,Endothelial,restCAF,0.772821222
ACTA2,C3,restCAF,Endothelial,0.801827898
ACTA2,CALD1,restCAF,Endothelial,0.781032151
ACTA2,CD74,Endothelial,restCAF,0.801119134
ACTA2,COL17A1,Ductal,permCAF,0.775773185
ACTA2,CTSB,Endothelial,restCAF,0.773808918
ACTA2,DCN,B,T,0.898223207
ACTA2,FXYD3,Ductal,permCAF,0.775063428
ACTA2,GSTP1,B,T,0.819294861
ACTA2,GSTP1,Endothelial,restCAF,0.781590783
ACTA2,HSPB1,Endothelial,restCAF,0.799329821
ACTB,EGLN3,Ductal,permCAF,0.691962598
ACTG1,AHNAK,Ductal,permCAF,0.70571435
ACTG1,B2M,permCAF,Ductal,0.692980579
ACTG1,COL17A1,Ductal,permCAF,0.690214497
ACTG1,CTSB,permCAF,Ductal,0.744064833
ACTG1,EGLN3,Ductal,permCAF,0.737653605
ACTG1,F3,Ductal,permCAF,0.721220541
ACTG1,NBL1,permCAF,Ductal,0.690711842
ACTG1,PKM,permCAF,Ductal,0.71219627
ACTG1,SH3BGRL3,permCAF,Ductal,0.69781866
ACTG1,TAGLN,permCAF,Ductal,0.694023211
ACTN1,COL17A1,Ductal,permCAF,0.794682848
ACTN1,DCN,B,T,0.815989056
ADM,CALCRL,permCAF,Ductal,0.92123413
AEBP1,C3,restCAF,Endothelial,0.79234261
AEBP1,COL17A1,Ductal,permCAF,0.801910758
AEBP1,DCN,B,T,0.883195773
AEBP1,FXYD3,Ductal,permCAF,0.785675439
AEBP1,GSTP1,B,T,0.804970351
AHNAK,SERPINE1,restCAF,Endothelial,0.478542609
AHNAK,COL17A1,Ductal,permCAF,0.809526932
AHNAK,DCN,B,T,0.880845962
AHNAK,GSTP1,B,T,0.822624335
AHNAK,B2M,permCAF,Ductal,0.741831726
AHNAK,BGN,permCAF,Ductal,0.72523139
AHNAK,CALD1,permCAF,Ductal,0.694220328
AHNAK,COL17A1,Ductal,permCAF,0.744364857
AHNAK,COL17A1,permCAF,Ductal,0.704582543
AHNAK,CTSB,permCAF,Ductal,0.782762089
AHNAK,DDIT4,Ductal,permCAF,0.719701324
AHNAK,DDIT4,permCAF,Ductal,0.767857119
AHNAK,EGLN3,Ductal,permCAF,0.751941071
AHNAK,F3,Ductal,permCAF,0.756672749
AHNAK,IGFBP7,permCAF,Ductal,0.72824577
AHNAK,KRT19,Ductal,permCAF,0.73067644
AHNAK,KRT19,permCAF,Ductal,0.719511375
AHNAK,LGALS1,permCAF,Ductal,0.706696217
AHNAK,MYL6,permCAF,Ductal,0.725594436
AHNAK,NBL1,Ductal,permCAF,0.692007439
AHNAK,NBL1,permCAF,Ductal,0.725765578
AHNAK,PKM,permCAF,Ductal,0.737095106
AHNAK,S100A10,permCAF,Ductal,0.692744866
AHNAK,SH3BGRL3,permCAF,Ductal,0.729952739
AHNAK,TAGLN,Ductal,permCAF,0.6915648
AHNAK,TAGLN,permCAF,Ductal,0.769614255
AHNAK,TIMP1,permCAF,Ductal,0.706737796
AHNAK,TPM1,permCAF,Ductal,0.743925461
ANXA1,DCN,B,T,0.794057009
ANXA2,C3,Pericyte,Endothelial,0.80312199
ANXA2,C3,restCAF,Endothelial,0.804396072
ANXA2,CALD1,Pericyte,Endothelial,0.822816109
ANXA2,CALD1,restCAF,Endothelial,0.794111644
ANXA2,CD74,Pericyte,Endothelial,0.780341814
ANXA2,CD74,Pericyte,restCAF,0.776646031
ANXA2,CD74,restCAF,Endothelial,0.772913435
ANXA2,CNN2,Pericyte,Endothelial,0.825850272
ANXA2,CNN2,restCAF,Endothelial,0.800709525
ANXA2,COL17A1,Ductal,permCAF,0.797899959
ANXA2,COL4A1,Pericyte,Endothelial,0.812189311
ANXA2,COL4A1,restCAF,Endothelial,0.788448524
ANXA2,COL4A2,Pericyte,Endothelial,0.83880291
ANXA2,COL4A2,restCAF,Endothelial,0.792216749
ANXA2,COL6A2,Pericyte,Endothelial,0.815864573
ANXA2,CTSB,Pericyte,Endothelial,0.804379146
ANXA2,CTSB,restCAF,Endothelial,0.770834985
ANXA2,DCN,B,T,0.809654218
ANXA2,DCN,Pericyte,Endothelial,0.815531912
ANXA2,DCN,restCAF,Endothelial,0.774091322
ANXA2,F3,Pericyte,Endothelial,0.790850583
ANXA2,F3,restCAF,Endothelial,0.783973219
ANXA2,FABP4,Pericyte,Endothelial,0.773635097
ANXA2,FTL,Pericyte,Endothelial,0.801836653
ANXA2,GSTP1,B,T,0.818243385
ANXA2,HSPB1,Pericyte,Endothelial,0.816952481
ANXA2,HSPB1,restCAF,Endothelial,0.789513909
ANXA5,CTSB,permCAF,Ductal,0.694128383
APLP2,APP,Ductal,permCAF,0.589179203
APLP2,APP,Macrophage,permCAF,0.438701705
APP,CD74,Ductal,Monocyte,0.483082843
APP,CD74,permCAF,Ductal,0.460283537
APP,CD74,permCAF,Endothelial,0.480437809
APP,CD74,permCAF,Macrophage,0.735048082
APP,CD74,permCAF,Monocyte,0.405756771
APP,CD74,permCAF,restCAF,0.651027777
AP2S1,NOP58,permCAF,Macrophage,0.88432445
ASPH,CTSB,permCAF,Ductal,0.708752259
B2M,COL17A1,Ductal,permCAF,0.734481239
B2M,CTSB,permCAF,Ductal,0.746182727
B2M,EGLN3,Ductal,permCAF,0.74063218
B2M,F3,Ductal,permCAF,0.732798008
B2M,KRT19,Ductal,permCAF,0.700847506
B2M,NBL1,Ductal,permCAF,0.696114361
B2M,PKM,Ductal,permCAF,0.692836582
B2M,PKM,permCAF,Ductal,0.7066519
B2M,S100A10,Ductal,permCAF,0.697163405
B2M,TAGLN,Ductal,permCAF,0.695698944
B2M,TAGLN,permCAF,Ductal,0.724588769
BGN,COL17A1,Ductal,permCAF,0.712397566
BGN,CTSB,permCAF,Ductal,0.75225299
BGN,DDIT4,Ductal,permCAF,0.699054776
BGN,DDIT4,permCAF,Ductal,0.695391188
BGN,EGLN3,Ductal,permCAF,0.732018278
BGN,F3,Ductal,permCAF,0.726003245
BGN,NBL1,Ductal,permCAF,0.693112454
BGN,NBL1,permCAF,Ductal,0.69560058
BGN,PKM,permCAF,Ductal,0.692083414
BGN,TAGLN,permCAF,Ductal,0.714819767
BGN,TPM1,permCAF,Ductal,0.692835033
BHLHE40,EGLN3,Ductal,permCAF,0.691923903
BHLHE40,F3,Ductal,permCAF,0.703436334
BRI3,CD163,permCAF,Macrophage,0.93987687
C1S,C3,restCAF,Endothelial,0.795691331
C1S,COL17A1,Ductal,permCAF,0.798391049
C1S,DCN,B,T,0.869806687
C1S,FXYD3,Ductal,permCAF,0.787277559
C1S,GSTP1,B,T,0.792866684
C3,LRP1,Ductal,permCAF,0.551613049
C3,LRP1,Endothelial,Ductal,0.422758414
C3,LRP1,Endothelial,permCAF,0.641367027
C3,LRP1,Macrophage,permCAF,0.730508711
C3,LRP1,Monocyte,Ductal,0.511048171
C3,C3AR1,permCAF,Ductal,0.89236672
C3,LRP1,Monocyte,permCAF,0.443011233
C3,CALD1,Endothelial,restCAF,0.805480435
C3,CD74,Endothelial,restCAF,0.829304089
C3,CNN2,Endothelial,restCAF,0.778789531
C3,COL4A1,Endothelial,restCAF,0.794502531
C3,COL4A2,Endothelial,restCAF,0.78247404
C3,COL5A1,Endothelial,restCAF,0.77413155
C3,COL6A2,Endothelial,restCAF,0.807366873
C3,COL6A3,Endothelial,restCAF,0.772495546
C3,CTSB,Endothelial,restCAF,0.8045891
C3,DCN,B,T,0.800869948
C3,DCN,Endothelial,restCAF,0.77573909
C3,DDIT4,Endothelial,restCAF,0.790378487
C3,FTL,Endothelial,restCAF,0.776634181
C3,GSTP1,Endothelial,restCAF,0.79326388
C3,HSPB1,Endothelial,restCAF,0.807236821
CALD1,CD74,Endothelial,restCAF,0.816975071
CALD1,COL17A1,Ductal,permCAF,0.830989528
CALD1,COL5A1,Endothelial,restCAF,0.778200669
CALD1,COL6A2,Endothelial,restCAF,0.772134751
CALD1,CTSB,Endothelial,restCAF,0.774858913
CALD1,DCN,B,T,0.878397059
CALD1,DDIT4,Endothelial,restCAF,0.772544539
CALD1,FXYD3,Ductal,permCAF,0.803226409
CALD1,GSTP1,B,T,0.8071981
CALD1,GSTP1,Endothelial,restCAF,0.80061048
CALD1,HSPB1,Endothelial,restCAF,0.804624344
CALD1,F3,Ductal,permCAF,0.691766549
CALD1,PKM,Ductal,permCAF,0.697874457
CALD1,THBS2,Ductal,permCAF,0.695684607
CD44,COL1A1,Ductal,Endothelial,0.514943648
CD44,COL1A1,Ductal,Macrophage,0.522975266
CD44,COL1A1,Ductal,Monocyte,0.740512128
CD44,COL1A1,Ductal,Pericyte,0.550335317
CD44,COL1A1,Ductal,permCAF,0.636430558
CD44,COL1A1,Ductal,restCAF,0.451122637
CD44,COL1A1,Ductal,T,0.464242584
CD44,COL1A1,Macrophage,permCAF,0.428326708
CD44,COL1A1,Macrophage,restCAF,0.467410827
CD44,COL1A1,Macrophage,T,0.425503671
CD44,COL1A1,permCAF,Ductal,0.426049815
CD44,COL1A1,permCAF,Macrophage,0.77376976
CD44,COL1A1,permCAF,Plasma,0.400084594
CD44,COL1A1,permCAF,restCAF,0.732395762
CD44,COL1A1,permCAF,T,0.781115198
CD44,COL1A2,Ductal,DC,0.465483301
CD44,COL1A2,Ductal,Endothelial,0.567620193
CD44,COL1A2,Ductal,Macrophage,0.5607605
CD44,COL1A2,Ductal,Monocyte,0.775936012
CD44,COL1A2,Ductal,pDC,0.463460899
CD44,COL1A2,Ductal,Pericyte,0.634876757
CD44,COL1A2,Ductal,permCAF,0.626781317
CD44,COL1A2,Ductal,restCAF,0.510118607
CD44,COL1A2,Ductal,T,0.493456842
CD44,COL1A2,Macrophage,Monocyte,0.433563186
CD44,COL1A2,Macrophage,permCAF,0.423644893
CD44,COL1A2,Macrophage,restCAF,0.425535967
CD44,COL1A2,Macrophage,T,0.430410472
CD44,COL1A2,Monocyte,Ductal,0.401953575
CD44,COL1A2,permCAF,DC,0.478184956
CD44,COL1A2,permCAF,Ductal,0.511086937
CD44,COL1A2,permCAF,Endothelial,0.536663938
CD44,COL1A2,permCAF,Macrophage,0.778580082
CD44,COL1A2,permCAF,Monocyte,0.48556109
CD44,COL1A2,permCAF,Pericyte,0.452703331
CD44,COL1A2,permCAF,Plasma,0.420557892
CD44,COL1A2,permCAF,restCAF,0.728566437
CD44,COL1A2,permCAF,T,0.834247764
CD44,FN1,Ductal,Endothelial,0.549039582
CD44,FN1,Ductal,Macrophage,0.570114469
CD44,FN1,Ductal,Monocyte,0.759850026
CD44,FN1,Ductal,Pericyte,0.655533802
CD44,FN1,Ductal,permCAF,0.58220789
CD44,FN1,Ductal,restCAF,0.491157953
CD44,FN1,Ductal,T,0.500954225
CD44,FN1,Macrophage,Monocyte,0.440366693
CD44,FN1,Macrophage,permCAF,0.45346225
CD44,FN1,Macrophage,restCAF,0.451507939
CD44,FN1,Macrophage,T,0.437743472
CD44,FN1,Monocyte,Ductal,0.424328162
CD44,FN1,permCAF,Ductal,0.509910112
CD44,FN1,permCAF,Endothelial,0.496933402
CD44,FN1,permCAF,Macrophage,0.749138103
CD44,FN1,permCAF,Monocyte,0.463309506
CD44,FN1,permCAF,Pericyte,0.442925515
CD44,FN1,permCAF,Plasma,0.420342913
CD44,FN1,permCAF,restCAF,0.691328252
CD44,FN1,permCAF,T,0.819250096
CD44,MMP7,Ductal,permCAF,0.473396405
CD44,SPP1,Ductal,Macrophage,0.55584079
CD44,SPP1,Ductal,Monocyte,0.680923501
CD44,SPP1,Ductal,permCAF,0.608071476
CD44,SPP1,Macrophage,permCAF,0.472536505
CD44,SPP1,Monocyte,Ductal,0.445078157
CD44,SPP1,Monocyte,Macrophage,0.423822483
CD44,SPP1,permCAF,Ductal,0.413145736
CD44,SPP1,permCAF,Macrophage,0.517079947
CD44,TIMP2,Ductal,permCAF,0.479008267
CD44,TIMP3,Ductal,permCAF,0.466740116
CD44,TIMP3,Macrophage,permCAF,0.420670561
CD44,VCAN,Ductal,Endothelial,0.63471269
CD44,VCAN,Ductal,Macrophage,0.522082265
CD44,VCAN,Ductal,Monocyte,0.69903684
CD44,VCAN,Ductal,permCAF,0.510872469
CD44,VCAN,Macrophage,Ductal,0.412255011
CD44,VCAN,Macrophage,Endothelial,0.402588347
CD44,VCAN,Macrophage,Monocyte,0.417475003
CD44,VCAN,Macrophage,permCAF,0.441857724
CD44,VCAN,Monocyte,Ductal,0.435361232
CD44,VCAN,permCAF,Ductal,0.561085752
CD44,VCAN,permCAF,Endothelial,0.601107166
CD44,VCAN,permCAF,Macrophage,0.705411134
CD44,VIM,Ductal,Macrophage,0.541933503
CD44,VIM,Ductal,Monocyte,0.729588977
CD44,VIM,Ductal,Pericyte,0.501937439
CD44,VIM,Ductal,permCAF,0.601731854
CD44,VIM,Ductal,restCAF,0.481018796
CD44,VIM,Ductal,T,0.42248935
CD44,VIM,Macrophage,permCAF,0.41334846
CD44,VIM,Macrophage,restCAF,0.461711608
CD44,VIM,Macrophage,T,0.437949948
CD44,VIM,permCAF,Macrophage,0.745579748
CD44,VIM,permCAF,Plasma,0.462857263
CD44,VIM,permCAF,restCAF,0.679004936
CD44,VIM,permCAF,T,0.754075074
CD63,COL17A1,Ductal,permCAF,0.804113739
CD63,DCN,B,T,0.857994388
CD63,FXYD3,Ductal,permCAF,0.78096854
CD63,GSTP1,B,T,0.786920952
CD74,APP,permCAF,Macrophage,0.795579748
CD74,CNN2,restCAF,Endothelial,0.806226816
CD74,COL4A1,restCAF,Endothelial,0.793895332
CD74,COL4A2,restCAF,Endothelial,0.803516513
CD74,COL5A1,restCAF,Endothelial,0.790332358
CD74,COL6A2,restCAF,Endothelial,0.790364312
CD74,DCN,restCAF,Endothelial,0.780084464
CD74,F3,restCAF,Endothelial,0.790142392
CD74,HSPB1,restCAF,Endothelial,0.777494084
CEBPB,DCN,B,T,0.838356456
CEBPD,DCN,B,T,0.774241087
CFTR,S100A10,restCAF,Ductal,0.830292823
CNN2,DCN,B,T,0.871787434
CNN2,GSTP1,B,T,0.817857123
CNN2,GSTP1,Endothelial,restCAF,0.791347882
COL17A1,COL4A1,permCAF,Ductal,0.800292823
COL17A1,COL4A2,permCAF,Ductal,0.812349151
COL17A1,COL6A2,permCAF,Ductal,0.793471409
COL17A1,CST3,permCAF,Ductal,0.788667334
COL17A1,CTSB,permCAF,Ductal,0.789567694
COL17A1,DCN,permCAF,Ductal,0.786390691
COL17A1,DDX5,permCAF,Ductal,0.780256002
COL17A1,F3,permCAF,Ductal,0.802541072
COL17A1,FTH1,permCAF,Ductal,0.771671382
COL17A1,FXYD5,permCAF,Ductal,0.802706526
COL17A1,GSTP1,permCAF,Ductal,0.791761677
COL17A1,HNRNPH3,permCAF,Ductal,0.782553542
COL17A1,HSPB1,permCAF,Ductal,0.821529569
COL17A1,CTSB,permCAF,Ductal,0.736008195
COL17A1,DDIT4,permCAF,Ductal,0.713478208
COL17A1,EGLN3,Ductal,permCAF,0.707401175
COL17A1,F3,Ductal,permCAF,0.732031686
COL17A1,F3,permCAF,Ductal,0.700448319
COL17A1,KRT19,permCAF,Ductal,0.720397465
COL17A1,LGALS1,permCAF,Ductal,0.702573764
COL17A1,MYL6,permCAF,Ductal,0.69482407
COL17A1,NBL1,permCAF,Ductal,0.712000043
COL17A1,PKM,permCAF,Ductal,0.714889518
COL17A1,SH3BGRL3,permCAF,Ductal,0.72254777
COL17A1,TAGLN,permCAF,Ductal,0.743287091
COL17A1,TPM1,permCAF,Ductal,0.747592609
COL18A1,ITGA5,permCAF,Ductal,0.420152778
COL1A1,ITGA5,Ductal,permCAF,0.536989911
COL1A1,ITGA5,Endothelial,Ductal,0.482127934
COL1A1,ITGA5,Macrophage,Ductal,0.523890892
COL1A1,ITGA5,Macrophage,permCAF,0.688228834
COL1A1,ITGA5,Monocyte,Ductal,0.746856213
COL1A1,ITGA5,Monocyte,permCAF,0.528237869
COL1A1,ITGA5,Pericyte,Ductal,0.462749527
COL1A1,ITGA5,permCAF,Ductal,0.619056572
COL1A1,ITGA5,restCAF,Ductal,0.483750253
COL1A1,ITGA5,restCAF,permCAF,0.617109918
COL1A1,ITGA5,T,Ductal,0.400630331
COL1A1,ITGA5,T,permCAF,0.635818716
COL4A1,DCN,B,T,0.893074099
COL4A1,FXYD3,Ductal,permCAF,0.792400551
COL4A1,GSTP1,B,T,0.828797815
COL4A1,GSTP1,Endothelial,restCAF,0.77517419
COL4A1,HSPB1,Endothelial,restCAF,0.772841076
COL4A2,DCN,B,T,0.866190031
COL4A2,FXYD3,Ductal,permCAF,0.806286092
COL4A2,GSTP1,B,T,0.789051524
COL4A2,GSTP1,Endothelial,restCAF,0.777752445
COL4A2,HSPB1,Endothelial,restCAF,0.779969133
COL5A1,DCN,B,T,0.840004699
COL5A1,FXYD3,Ductal,permCAF,0.773293043
COL5A1,GSTP1,B,T,0.804345343
COL5A1,TAGLN,permCAF,Ductal,0.704244124
COL6A2,DCN,B,T,0.894985328
COL6A2,GSTP1,B,T,0.816153307
COL6A3,IGFBP5,restCAF,permCAF,0.413112847
COL6A3,SERPINE1,restCAF,Ductal,0.402125023
COL6A3,SERPINE1,restCAF,Endothelial,0.618046825
COL6A3,THBS1,restCAF,permCAF,0.493180904
CST3,DCN,B,T,0.79196109
CST3,FXYD3,Ductal,permCAF,0.781872056
CTSB,DCN,B,T,0.896339795
CTSB,GSTP1,B,T,0.824711372
CTSB,HSPB1,Endothelial,restCAF,0.771908347
CTSB,DDIT4,Ductal,permCAF,0.709680571
CTSB,EGLN3,Ductal,permCAF,0.785234256
CTSB,ERRFI1,Ductal,permCAF,0.701239396
CTSB,F3,Ductal,permCAF,0.752781279
CTSB,KRT19,Ductal,permCAF,0.711580868
CTSB,LGALS1,Ductal,permCAF,0.691414193
CTSB,MMP2,Ductal,permCAF,0.718705543
CTSB,MYL6,Ductal,permCAF,0.709963632
CTSB,NBL1,Ductal,permCAF,0.757260218
CTSB,PKM,Ductal,permCAF,0.744035393
CTSB,PKM,permCAF,Ductal,0.693581349
CTSB,S100A10,Ductal,permCAF,0.749807704
CTSB,SH3BGRL3,Ductal,permCAF,0.714870405
CTSB,TAGLN,Ductal,permCAF,0.735011118
CTSB,TAGLN,permCAF,Ductal,0.694790191
CTSB,THBS2,Ductal,permCAF,0.716182441
CTSB,TIMP1,Ductal,permCAF,0.690148739
CTSB,TPM1,Ductal,permCAF,0.690391092
DCN,DDIT4,T,B,0.858348536
DCN,DDX5,T,B,0.791035886
DCN,F3,T,B,0.87191533
DCN,FABP4,T,B,0.844094734
DCN,FBN1,T,B,0.78355254
DCN,FTL,T,B,0.882543558
DCN,GSTP1,T,B,0.905240765
DCN,HNRNPH3,T,B,0.829312275
DCN,HSPB1,T,B,0.838789578
DDIT4,GSTP1,B,T,0.789291162
DDIT4,EGLN3,Ductal,permCAF,0.713468602
DDIT4,F3,Ductal,permCAF,0.695093321
DDIT4,KRT19,Ductal,permCAF,0.690648057
DDIT4,NBL1,permCAF,Ductal,0.690292271
DDIT4,TAGLN,Ductal,permCAF,0.736169901
DDIT4,TAGLN,permCAF,Ductal,0.769946896
DDX5,FXYD3,Ductal,permCAF,0.805107376
EGLN3,ERRFI1,permCAF,Ductal,0.698565347
EGLN3,F3,Ductal,permCAF,0.71197486
EGLN3,F3,permCAF,Ductal,0.721383839
EGLN3,IGFBP3,permCAF,Ductal,0.706758231
EGLN3,KRT19,permCAF,Ductal,0.694700304
EGLN3,LGALS1,permCAF,Ductal,0.721350223
EGLN3,MMP2,permCAF,Ductal,0.723211218
EGLN3,MYL6,permCAF,Ductal,0.709143648
EGLN3,NBL1,permCAF,Ductal,0.73721082
EGLN3,PKM,permCAF,Ductal,0.749296835
EGLN3,S100A10,permCAF,Ductal,0.736930792
EGLN3,SH3BGRL3,permCAF,Ductal,0.724191644
EGLN3,SPP1,permCAF,Ductal,0.733477978
EGLN3,TIMP1,permCAF,Ductal,0.711823721
EGLN3,TPM1,permCAF,Ductal,0.724092828
EMP1,SERPINE1,restCAF,Endothelial,0.746662177
EMP1,SFRP4,restCAF,Ductal,0.444370656
EMP1,THBS1,restCAF,Endothelial,0.424290603
EMP1,THBS1,restCAF,permCAF,0.426721151
EMP1,TIMP1,restCAF,Ductal,0.42779227
ERRFI1,F3,Ductal,permCAF,0.70154353
ERRFI1,TAGLN,permCAF,Ductal,0.691598257
ELOC,TXNDC17,restCAF,Ductal,0.82779227
FAM167B,BUD23,permCAF,Macrophage,0.854389629
F3,GSTP1,B,T,0.809098359
F3,GSTP1,Endothelial,restCAF,0.776033843
F3,HSPB1,permCAF,Ductal,0.696801081
F3,IGFBP7,permCAF,Ductal,0.708888777
F3,KRT19,permCAF,Ductal,0.745619206
F3,LGALS1,permCAF,Ductal,0.718781459
F3,LGALS3BP,permCAF,Ductal,0.70674224
F3,MYL6,permCAF,Ductal,0.733577213
F3,NBL1,permCAF,Ductal,0.728187718
F3,PKM,permCAF,Ductal,0.745436213
F3,S100A10,permCAF,Ductal,0.74153348
F3,SH3BGRL3,permCAF,Ductal,0.741162835
F3,TAGLN,permCAF,Ductal,0.72334328
F3,TIMP1,permCAF,Ductal,0.708101821
F3,TPM1,permCAF,Ductal,0.756654858
FABP4,GSTP1,B,T,0.774817298
FN1,ITGA5,Ductal,permCAF,0.602011518
FN1,ITGA5,Endothelial,Ductal,0.463887516
FN1,ITGA5,Endothelial,permCAF,0.449611022
FN1,ITGA5,Macrophage,Ductal,0.567432376
FN1,ITGA5,Macrophage,permCAF,0.683140015
FN1,ITGA5,Monocyte,Ductal,0.754389629
FN1,ITGA5,Monocyte,permCAF,0.565352258
FN1,ITGA5,Pericyte,Ductal,0.564525443
FN1,ITGA5,Pericyte,permCAF,0.451834264
FN1,ITGA5,permCAF,Ductal,0.553233559
FN1,ITGA5,restCAF,Ductal,0.503829286
FN1,ITGA5,restCAF,permCAF,0.57720454
FN1,ITGA5,T,Ductal,0.430463028
FN1,ITGA5,T,permCAF,0.666575204
FTL,GSTP1,B,T,0.803619642
FXYD3,HSPB1,permCAF,Ductal,0.770840109
GSTP1,HSPB1,restCAF,Endothelial,0.774685886
GSTP1,HSPB1,T,B,0.800580145
GPR183,CD300E,restCAF,Ductal,0.844946531
HMGB2,TIMM8B,T,permCAF,0.91665752
IFNG,APOBEC3G,permCAF,Ductal,0.870840109
IGFBP4,MCL1,Pericyte,Endothelial,0.450835871
IGFBP4,MT-CYB,Pericyte,Endothelial,0.461753869
IGFBP4,MT-ND4L,Pericyte,Endothelial,0.453425967
IGFBP4,MT-ND4,Pericyte,Endothelial,0.423347145
IGFBP4,TIMP1,Pericyte,Endothelial,0.468214894
IGFBP4,TMSB4X,Pericyte,Endothelial,0.543103163
IGFBP5,LMNA,Ductal,permCAF,0.484368442
IGFBP5,LMNA,permCAF,Ductal,0.437420921
IGFBP5,LMNA,restCAF,permCAF,0.487864897
IGFBP5,MCL1,Ductal,permCAF,0.43854675
IGFBP5,MCL1,Pericyte,Endothelial,0.414144679
IGFBP5,MT-CYB,Pericyte,Endothelial,0.434917089
IGFBP5,MT-CYB,permCAF,Ductal,0.644946531
IGFBP5,MT-CYB,restCAF,Ductal,0.471616388
IGFBP5,MT-ND4L,Pericyte,Endothelial,0.425383997
IGFBP5,MT-ND4L,permCAF,Ductal,0.440326333
IGFBP5,S100A6,permCAF,restCAF,0.459920265
IGFBP5,SERPINE1,permCAF,Ductal,0.611464725
IGFBP5,SERPINE1,restCAF,Ductal,0.541325619
IGFBP5,SERPINE1,restCAF,Endothelial,0.557167401
IGFBP5,SERPINE1,restCAF,permCAF,0.47202443
IGFBP5,SFRP4,Ductal,permCAF,0.413168009
IGFBP5,SFRP4,permCAF,Ductal,0.663625219
IGFBP5,SFRP4,restCAF,Ductal,0.508398546
IGFBP5,SFRP4,restCAF,permCAF,0.414983166
IGFBP5,THBS1,Ductal,permCAF,0.402446438
IGFBP5,THBS1,restCAF,permCAF,0.600304778
IGFBP5,TIMP1,Pericyte,Endothelial,0.543304557
IGFBP5,TIMP1,permCAF,Ductal,0.667010625
IGFBP5,TIMP1,restCAF,Ductal,0.517619402
IGFBP5,TMSB4X,Pericyte,Endothelial,0.549571648
IGFBP7,KRT19,Ductal,permCAF,0.716871498
INS,TTR,Endothelial,Pericyte,0.762751956
INS,TTR,Endothelial,permCAF,0.730187533
INS,TTR,Endothelial,restCAF,0.663177713
INS,TTR,Pericyte,Endothelial,0.83267659
INS,TTR,Pericyte,permCAF,0.785648776
INS,TTR,Pericyte,restCAF,0.715663421
INS,TTR,permCAF,Endothelial,0.719118972
INS,TTR,permCAF,Pericyte,0.695641302
INS,TTR,permCAF,restCAF,0.678750136
INS,TTR,restCAF,Endothelial,0.582013322
INS,TTR,restCAF,Pericyte,0.564656471
INS,TTR,restCAF,permCAF,0.618441262
INS,TTR,T,Endothelial,0.41737729
INS,TTR,T,Pericyte,0.405336843
INS,TTR,T,permCAF,0.416537393
ITGA5,PLAU,Ductal,Endothelial,0.748373524
ITGA5,PLAU,Ductal,Macrophage,0.665406417
ITGA5,PLAU,Ductal,Monocyte,0.803339267
ITGA5,PLAU,Ductal,permCAF,0.562376393
ITGA5,PLAU,Monocyte,Ductal,0.402160385
ITGA5,PLAU,permCAF,Ductal,0.642304418
ITGA5,PLAU,permCAF,Endothelial,0.637886094
ITGA5,PLAU,permCAF,Macrophage,0.71829733
ITGA5,PLAU,permCAF,Monocyte,0.594444704
ITGA5,SPP1,Ductal,Macrophage,0.567244675
ITGA5,SPP1,Ductal,Monocyte,0.678799796
ITGA5,SPP1,Ductal,permCAF,0.614716001
ITGA5,SPP1,permCAF,Ductal,0.543898664
ITGA5,SPP1,permCAF,Macrophage,0.562928652
ITGA5,SPP1,permCAF,Monocyte,0.421857272
KRT19,LGALS1,permCAF,Ductal,0.69814161
KRT19,MYL6,permCAF,Ductal,0.704408324
KRT19,PKM,permCAF,Ductal,0.708459899
KRT19,TAGLN,permCAF,Ductal,0.735450149
KRT19,TPM1,permCAF,Ductal,0.733223859
KLRB1,CLEC2D,restCAF,Ductal,0.854388664
LGALS1,TAGLN,permCAF,Ductal,0.714453982
LMNA,MCL1,Pericyte,Endothelial,0.467192689
LMNA,MT-CYB,Pericyte,Endothelial,0.510322826
LMNA,MT-CYB,permCAF,Ductal,0.588970711
LMNA,MT-ND4L,Pericyte,Endothelial,0.524813119
LMNA,S100A6,permCAF,restCAF,0.423167397
LMNA,SERPINE1,permCAF,Ductal,0.552243295
LMNA,SERPINE1,restCAF,Endothelial,0.5939295
LMNA,SFRP4,permCAF,Ductal,0.637851589
LMNA,THBS1,Pericyte,Endothelial,0.403548393
LMNA,THBS1,restCAF,permCAF,0.405741678
LMNA,TIMP1,Pericyte,Endothelial,0.648673576
LMNA,TIMP1,permCAF,Ductal,0.629099137
LMNA,TMSB4X,Pericyte,Endothelial,0.676312468
LRP1,LRPAP1,Ductal,permCAF,0.409660709
LRP1,PLAU,Ductal,Endothelial,0.464944758
LRP1,PLAU,Ductal,Monocyte,0.44790851
LRP1,PLAU,permCAF,Ductal,0.477322903
LRP1,PLAU,permCAF,Endothelial,0.493663815
LRP1,PLAU,permCAF,Macrophage,0.640201445
LRP1,SERPINA1,Ductal,Monocyte,0.443286881
LRP1,SERPINA1,Ductal,permCAF,0.413170396
LRP1,SERPINA1,permCAF,Ductal,0.433443819
LRP1,SERPINA1,permCAF,Macrophage,0.689801036
LRP1,SERPINA1,permCAF,Plasma,0.446782385
LRP1,SERPINA1,permCAF,restCAF,0.648160277
LRP1,SERPINA1,permCAF,T,0.722685795
LRP1,SERPINE1,Ductal,Monocyte,0.402081824
LRP1,SERPINE1,Ductal,permCAF,0.409274097
LRP1,SERPINE1,permCAF,Macrophage,0.664348973
LRP1,SERPINE1,permCAF,restCAF,0.531327109
LRP1,THBS1,Ductal,Monocyte,0.438851187
LRP1,THBS1,permCAF,Ductal,0.484442887
LRP1,THBS1,permCAF,Endothelial,0.463287977
LRP1,THBS1,permCAF,Macrophage,0.712105715
LRP1,THBS1,permCAF,restCAF,0.630972157
LRP1,THBS1,permCAF,T,0.706445409
MCL1,MT-CYB,Endothelial,Pericyte,0.471596275
MCL1,MT-CYB,Pericyte,Endothelial,0.520652332
MCL1,MT-CYB,permCAF,Ductal,0.567060837
MCL1,MT-ND4L,Endothelial,Pericyte,0.445936989
MCL1,MT-ND4L,Pericyte,Endothelial,0.511031165
MCL1,MT-ND4L,permCAF,Ductal,0.415459115
MCL1,MT-ND4,Endothelial,Pericyte,0.450948886
MCL1,S100A6,permCAF,restCAF,0.404657387
MCL1,SERPINE1,permCAF,Ductal,0.460166589
MCL1,SERPINE1,restCAF,Endothelial,0.469015516
MCL1,SFRP4,permCAF,Ductal,0.532927452
MCL1,TIMP1,Endothelial,Pericyte,0.465004707
MCL1,TIMP1,Pericyte,Endothelial,0.594930703
MCL1,TIMP1,permCAF,Ductal,0.545834811
MCL1,TMSB4X,Endothelial,Pericyte,0.441027766
MCL1,TMSB4X,Pericyte,Endothelial,0.649953267
MXRA5,LY9,T,permCAF,0.754471764
MT-CYB,MT-ND4L,Endothelial,Pericyte,0.533925664
MT-CYB,MT-ND4L,Pericyte,Endothelial,0.511393185
MT-CYB,MT-ND4,Ductal,permCAF,0.405669876
MT-CYB,MT-ND4,Endothelial,Pericyte,0.511461879
MT-CYB,MT-ND4,Pericyte,Endothelial,0.404380399
MT-CYB,S100A6,Ductal,permCAF,0.487780661
MT-CYB,S100A6,Ductal,restCAF,0.533868159
MT-CYB,SERPINE1,Ductal,Endothelial,0.421643102
MT-CYB,SERPINE1,Ductal,permCAF,0.410883485
MT-CYB,SERPINE1,restCAF,Endothelial,0.424867022
MT-CYB,SFRP4,Ductal,permCAF,0.492812977
MT-CYB,THBS1,Ductal,permCAF,0.561067122
MT-CYB,TIMP1,Ductal,permCAF,0.470146275
MT-CYB,TIMP1,Endothelial,Pericyte,0.474927684
MT-CYB,TIMP1,Pericyte,Endothelial,0.544717636
MT-CYB,TMSB4X,Ductal,permCAF,0.458183463
MT-CYB,TMSB4X,Endothelial,Pericyte,0.489538715
MT-CYB,TMSB4X,Pericyte,Endothelial,0.637696842
MT-ND4,SERPINE1,restCAF,Endothelial,0.44683703
MT-ND4,TIMP1,Pericyte,Endothelial,0.529520133
MT-ND4,TMSB4X,Pericyte,Endothelial,0.648733578
MT-ND4L,MT-ND4,Endothelial,Pericyte,0.543962227
MT-ND4L,S100A6,Ductal,restCAF,0.400247556
MT-ND4L,SERPINE1,restCAF,Endothelial,0.669874648
MT-ND4L,SFRP4,restCAF,Ductal,0.417400716
MT-ND4L,THBS1,restCAF,Endothelial,0.412578861
MT-ND4L,THBS1,restCAF,permCAF,0.451941707
MT-ND4L,TIMP1,Endothelial,Pericyte,0.510557472
MT-ND4L,TIMP1,Pericyte,Endothelial,0.631341069
MT-ND4L,TIMP1,restCAF,Ductal,0.419655075
MT-ND4L,TMSB4X,Endothelial,Pericyte,0.493770844
MXRA5,CCL4,permCAF,Ductal,0.90846011
MT-ND4L,TMSB4X,Pericyte,Endothelial,0.648641091
MYL6,TAGLN,permCAF,Ductal,0.710014234
NBL1,PKM,Ductal,permCAF,0.694122392
NBL1,PKM,permCAF,Ductal,0.712012494
NBL1,SH3BGRL3,permCAF,Ductal,0.695320434
NBL1,TAGLN,permCAF,Ductal,0.728868623
NBL1,TPM1,permCAF,Ductal,0.716413509
NRP1,VEGFA,Ductal,permCAF,0.406404064
PKM,S100A10,Ductal,permCAF,0.723680932
PKM,TAGLN,permCAF,Ductal,0.699117857
SAR1A,SPARCL1,B,T,0.91876011
PKM,TPM1,permCAF,Ductal,0.697755429
TNXB,SPARCL1,B,T,0.886862279
TUBB,SPARCL1,B,T,0.847386899
TKT,TIMM8B,B,T,0.829520133
SCGB3A1,OLFML3,T,permCAF,0.793680932
UQCRQ,MPEG1,T,permCAF,0.831341069
S100A10,TAGLN,permCAF,Ductal,0.701134324
S100A10,TPM1,permCAF,Ductal,0.699212531
S100A6,SERPINE1,permCAF,Ductal,0.414134932
S100A6,SERPINE1,restCAF,Ductal,0.464586342
S100A6,SERPINE1,restCAF,Endothelial,0.720115313
S100A6,SFRP4,permCAF,Ductal,0.473868985
S100A6,SFRP4,restCAF,Ductal,0.568403407
S100A6,THBS1,restCAF,permCAF,0.543040462
S100A6,TIMP1,permCAF,Ductal,0.479399394
S100A6,TIMP1,restCAF,Ductal,0.565731469
SDC4,TGM2,Ductal,Endothelial,0.642377239
SDC4,TGM2,Ductal,Macrophage,0.590073412
SDC4,TGM2,Ductal,Monocyte,0.809978766
SDC4,TGM2,Ductal,permCAF,0.511720627
SDC4,TGM2,Ductal,restCAF,0.657521612
SDC4,TGM2,Macrophage,Monocyte,0.410905552
SDC4,TGM2,Monocyte,Ductal,0.450276719
SDC4,TGM2,permCAF,Ductal,0.726496854
SDC4,TGM2,permCAF,Endothelial,0.606357462
SDC4,TGM2,permCAF,Macrophage,0.694398446
SDC4,TGM2,permCAF,Monocyte,0.65066564
SDC4,TGM2,permCAF,restCAF,0.661334435
SDC4,THBS1,Ductal,Endothelial,0.534105115
SDC4,THBS1,Ductal,Macrophage,0.535346887
SDC4,THBS1,Ductal,Monocyte,0.771856448
SDC4,THBS1,Ductal,Pericyte,0.498300142
SDC4,THBS1,Ductal,permCAF,0.54509855
SDC4,THBS1,Ductal,restCAF,0.502705702
SDC4,THBS1,Monocyte,Ductal,0.475032325
SDC4,THBS1,permCAF,Ductal,0.698171634
SDC4,THBS1,permCAF,Endothelial,0.480925185
SDC4,THBS1,permCAF,Macrophage,0.660372914
SDC4,THBS1,permCAF,Monocyte,0.608941142
SDC4,THBS1,permCAF,restCAF,0.556560994
SDC4,THBS1,permCAF,T,0.572677805
SERPINE1,SFRP4,Ductal,permCAF,0.518591732
SERPINE1,SFRP4,Endothelial,Ductal,0.506289807
SERPINE1,SFRP4,Endothelial,restCAF,0.426924378
SERPINE1,SFRP4,permCAF,Ductal,0.483592941
SERPINE1,SFRP4,permCAF,restCAF,0.409547177
SERPINE1,THBS1,Ductal,permCAF,0.618923693
SERPINE1,THBS1,Endothelial,permCAF,0.482833118
SERPINE1,THBS1,Endothelial,restCAF,0.621457226
SERPINE1,THBS1,restCAF,permCAF,0.510178857
SERPINE1,TIMP1,Ductal,permCAF,0.457296769
SERPINE1,TIMP1,Endothelial,Ductal,0.479754639
SERPINE1,TIMP1,Endothelial,restCAF,0.412438621
SERPINE1,TIMP1,permCAF,Ductal,0.460726701
SERPINE1,TMSB4X,Ductal,permCAF,0.445330074
SFRP4,THBS1,Ductal,permCAF,0.62369404
SFRP4,THBS1,restCAF,permCAF,0.472751234
SFRP4,TIMP1,Ductal,permCAF,0.482132607
SFRP4,TIMP1,permCAF,Ductal,0.546795416
SFRP4,TMSB4X,Ductal,permCAF,0.416021047
TAGLN,THBS2,Ductal,permCAF,0.723203479
TAGLN,TIMP1,Ductal,permCAF,0.694828821
TAGLN,TPM1,Ductal,permCAF,0.701400848
TAGLN,TPM1,permCAF,Ductal,0.704069965
THBS1,TIMP1,Pericyte,Endothelial,0.409310367
THBS1,TIMP1,permCAF,Ductal,0.60319443
THBS1,TMSB4X,Pericyte,Endothelial,0.41994096
THBS2,TPM1,permCAF,Ductal,0.696450662
TIMP1,TMSB4X,Ductal,permCAF,0.442840624
TIMP1,TMSB4X,Endothelial,Pericyte,0.541136281
TIMP1,TMSB4X,Pericyte,Endothelial,0.615331722