gene,gene_features,celltype_features,niche_features,total_selected
C5orf46,,,,0
REXO4,,,,0
NARS,"ABCC11,ACTA2,ADAM9,ADGRE5,AIF1,ALDH1A3,APOBEC3B,AVPR1A,BASP1,C1QA,C1QC,C5orf46,C6orf132,CAVIN2,CCL5,CCND1,CCR7,CD274,CD68,CD69,CD79A,CD86,CD9,CDC42EP1,CEACAM6,CRISPLD2,CSF3,CTSG,CTTN,CXCL12,CXCL16,CXCL5,DST","Unlabeled,Invasive_Tumor,DCIS_1,Mast_Cells,Macrophages_2,Perivascular-Like,IRF7+_DCs",niche_3,41
FLNB,"ACTA2,ACTG2,ADAM9,ADH1B,ADIPOQ,AHSP,AKR1C1,AKR1C3,ALDH1A3,ANGPT2,ANKRD28,ANKRD29,APOBEC3B,AQP3,C15orf48,C2orf42,CAVIN2,CCR7,CD1C,CD247,CD27,CD274,CD3D,CD68,CD79A,CD86,CD8B","Unlabeled,DCIS_1,Endothelial,Macrophages_2,Perivascular-Like,LAMP3+_DCs","niche_2,niche_4,niche_5",36
CD79B,,,,0
CDC42EP1,"ACTA2,ACTG2,ADGRE5,AHSP,AIF1,AKR1C1,ANKRD28,APOBEC3B,AQP3,AR,BTNL9,C15orf48,C1QC,CCDC6,CCDC80,CCL20,CCL5,CCL8,CCND1,CCPG1,CCR7,CD14,CD163,CD19,CD247,CD3D,CD3E,CD4,CD80,CD86,CD8A,CD8B,CD9,CD93","Unlabeled,Stromal,DCIS_1,Endothelial,CD4+_T_Cells,B_Cells,Macrophages_2",,41
LTB,"ACTA2,ADGRE5,AGR3,AKR1C1,AKR1C3,APOBEC3A,APOC1,AQP3,CAV1,CCDC6,CCL20,CCL5,CCL8,CD163,CD1C,CD247,CD27,CD274,CD4,CD79B","Stromal,Myoepi_ACTA2+,CD8+_T_Cells,CD4+_T_Cells,Stromal_&_T_Cell_Hybrid,Myoepi_KRT15+","niche_1,niche_3,niche_5",29
CD163,"ACTG2,ADH1B,ADIPOQ,AGR3,AHSP,AIF1,AKR1C1,ANKRD29,AVPR1A,BACE2,BTNL9,CCDC6,CCDC80,CCL5,CCL8,CCR7,CD14,CD19,CD27,CD274,CD3D,CD3E,CD4,CD80,CDH1,CEACAM6,CEACAM8,CLEC9A,CLECL1,CLIC6,CRHBP,CTTN,CXCL12,DAPK3,DMKN,DNAAF1","DCIS_2,Myoepi_ACTA2+,CD8+_T_Cells,Prolif_Invasive_Tumor,Mast_Cells,B_Cells,Stromal_&_T_Cell_Hybrid,LAMP3+_DCs","niche_2,niche_5",46
ELF5,,,,0
MEDAG,"ABCC11,ACTA2,ADAM9,ADGRE5,AGR3,AKR1C1,AKR1C3,ALDH1A3,ANKRD28,ANKRD30A,APOBEC3A,APOBEC3B,APOC1,AQP3,BACE2,C2orf42,C5orf46,CAV1,CCND1,CCPG1,CD163","DCIS_1,Myoepi_ACTA2+,B_Cells,IRF7+_DCs,Myoepi_KRT15+","niche_3,niche_5",28
FBLIM1,,,,0
FOXP3,,,,0
ACTA2,"ACTG2,ADGRE5,ANKRD29,AQP1,C1QA,C6orf132,CAV1,CCDC80,CCND1,CCR7,CD79B,CD80,CD83,CD8B,CLEC9A,CRHBP,CRISPLD2,CSF3,CTLA4,CXCL5,DERL3,DSC2,ENAH,ERBB2,ERN1,FCER1A,IGF1,IL2RA,KRT14,KRT16,KRT23",B_Cells,niche_5,33
SRPK1,"ACTA2,AGR3,AIF1,ANGPT2,ANKRD28,ANKRD29,APOBEC3B,APOC1,AR,AVPR1A,BACE2,BANK1,BASP1,C15orf48,C1QC,C5orf46,CAV1,CAVIN2,CCDC6,CCL5,CCPG1,CCR7,CD14,CD247,CD274,DST","DCIS_2,Invasive_Tumor,Macrophages_1,Stromal,Myoepi_ACTA2+,CD8+_T_Cells,Endothelial,T_Cell_&_Tumor_Hybrid,Mast_Cells,CD4+_T_Cells,B_Cells,Stromal_&_T_Cell_Hybrid,Myoepi_KRT15+","niche_3,niche_4",41
ESM1,,,,0
EIF4EBP1,"ADIPOQ,AGR3,AIF1,AKR1C3,ANGPT2,ANKRD28,ANKRD30A,BTNL9,C2orf42,CAV1,CCND1,CD19,CD69,CEACAM8,CENPF,CLCA2,CLECL1,CLIC6,CPA3,CTTN,CXCR4,CYTIP,DAPK3,DNAAF1,DNTTIP1,DPT,DSC2,DUSP2,DUSP5,ELF3,DST","DCIS_2,Stromal,Prolif_Invasive_Tumor,T_Cell_&_Tumor_Hybrid,B_Cells,Stromal_&_T_Cell_Hybrid,Perivascular-Like,LAMP3+_DCs,Myoepi_KRT15+",niche_2,41
CD93,"ABCC11,ACTA2,ADAM9,ADGRE5,ADH1B,AGR3,AHSP,AIF1,ANGPT2,ANKRD29,ANKRD30A,AQP1,AQP3,AR,BACE2,C1QA,C2orf42,C6orf132,CAV1,CCDC6,CCL8,CCND1,CCPG1,CCR7,CD163,CD1C,CD3E,CD79B,CD80,CD9,CEACAM6,CEACAM8,CLEC14A,CLIC6,DST","DCIS_2,Unlabeled,Invasive_Tumor,Stromal,CD8+_T_Cells,CD4+_T_Cells,B_Cells,Macrophages_2,Perivascular-Like,LAMP3+_DCs,IRF7+_DCs","niche_1,niche_3,niche_4,niche_5",50
TNFRSF17,,,,0
DMKN,,,,0
CD69,"ADH1B,AGR3,APOBEC3A,APOC1,AR,C2orf42,C6orf132,CAVIN2,CCDC80,CCPG1,CCR7,CD68,CD8B,CDH1,CENPF,DNAAF1,EDN1,EPCAM,ERBB2,FBLIM1,FBLN1,FCER1G,GATA3,IL7R,KDR,KLRB1,KLRF1,KRT14,LPXN,LRRC15,LUM,MMP1,MMP2,MYH11,MYO5B,NCAM1,PDGFRB,PECAM1,PRDM1,DST","Macrophages_1,Mast_Cells,B_Cells,Stromal_&_T_Cell_Hybrid",niche_4,45
PIGR,,,,0
C1QC,"ABCC11,AIF1,ANKRD30A,AVPR1A,BACE2,CCDC80,CCND1,CD14,CD163,CD247,CD4,CD68,CD93,CEACAM6,CENPF,CXCL12,CXCR4,DPT,ERBB2,FOXP3,GNLY,GZMA,HAVCR2,IGSF6,IL2RA,ITGAM,ITGAX,KIT,KRT5,KRT7,LDHB,LILRA4,LUM,MAP3K8,MRC1,NARS,NKG7,OXTR,PDCD1","Stromal,Prolif_Invasive_Tumor,Macrophages_2,Stromal_&_T_Cell_Hybrid",,43
ZNF562,"ABCC11,ACTA2,AGR3,AHSP,AIF1,AKR1C3,ALDH1A3,ANKRD28,ANKRD29,ANKRD30A,APOBEC3A,APOBEC3B,BANK1,C15orf48,C1QA,C1QC,C6orf132,CAV1,CCDC80,CCL5,CCND1","DCIS_2,Unlabeled,Macrophages_1,Stromal,Endothelial,Prolif_Invasive_Tumor,T_Cell_&_Tumor_Hybrid,Mast_Cells,CD4+_T_Cells,Macrophages_2,Stromal_&_T_Cell_Hybrid,LAMP3+_DCs,IRF7+_DCs,Myoepi_KRT15+","niche_1,niche_3,niche_5",38
CD3D,"ACTA2,AGR3,ANKRD29,AQP1,AQP3,AVPR1A,BACE2,BANK1,CAVIN2,CCL20,CD247,CD3G,CD4,CD93,CLDN4,CLECL1,CRISPLD2,CTH,CXCR4,DMKN,DPT,DSC2,EIF4EBP1,ELF3,ENAH,ESM1,FAM107B,FBLN1,FCGR3A,GLIPR1,GZMA,GZMK,HDC","Unlabeled,Macrophages_1,CD4+_T_Cells,Stromal_&_T_Cell_Hybrid,Myoepi_KRT15+",,38
PIM1,"ACTA2,AIF1,ANKRD30A,C15orf48,CCDC80,CCND1,CCPG1,CD163,CD19,CD27,CD3E,CD3G,CD9,CEACAM8,DAPK3,DSC2,FOXA1,FOXP3,GPR183,GZMK,IGF1,IL3RA,ITGAX,ITM2C,KLF5,KRT15,KRT16,KRT5,LUM,LYPD3,MUC6","DCIS_2,Invasive_Tumor,Mast_Cells",,34
DUSP2,,,,0
SH3YL1,"ABCC11,ACTA2,ACTG2,ADGRE5,ADH1B,ADIPOQ,AHSP,AKR1C3,ALDH1A3,ANKRD30A,APOBEC3A,APOBEC3B,APOC1,AQP3,BANK1,BASP1,C1QC,C5orf46,CAV1,CCDC80,CCL5,CD163","DCIS_2,Unlabeled,Stromal,Myoepi_ACTA2+,Endothelial,B_Cells,Perivascular-Like,LAMP3+_DCs,Myoepi_KRT15+",,31
ELF3,"ADAM9,AGR3,AKR1C1,ANKRD28,ANKRD30A,APOBEC3B,C2orf42,CCL20,CD247,CD3D,CD69,CD8A,CDC42EP1,CEACAM6,CLDN4,CLDN5,CLEC14A,CLIC6,CRHBP,CSF3,CTTN,DAPK3,DSC2,EDNRB,ERBB2,ESR1,FASN,FBLN1,FCER1G,FSTL3,GPR183","DCIS_2,Invasive_Tumor,Macrophages_1,Mast_Cells,B_Cells,Macrophages_2,LAMP3+_DCs",,38
SELL,"ADAM9,ADH1B,AKR1C1,ALDH1A3,ANKRD29,AVPR1A,C15orf48,C1QA,C1QC,C2orf42,CD14,CD79A,CD79B,CD9,CTH,CTSG,CXCL12,CXCL5,DMKN,DPT,DSC2,DSP,EGFL7,EIF4EBP1,FOXA1,FOXP3,HDC,HPX,KLF5,KLRC1,KRT14,KRT15,KRT5,LY86,MDM2,DST",Macrophages_1,niche_1,38
DUSP5,"ACTG2,AHSP,AKR1C1,AKR1C3,ALDH1A3,ANGPT2,ANKRD29,ANKRD30A,APOBEC3A,APOC1,AQP3,AR,C1QA,C5orf46,C6orf132,CAV1,CCDC6,CCDC80,CCL20,CCL8,CCND1,CCR7,CD14,CD163,CD247,CD27,CD3G,CD4,CD68,CD86","Invasive_Tumor,Myoepi_ACTA2+,T_Cell_&_Tumor_Hybrid,Mast_Cells,Macrophages_2,Stromal_&_T_Cell_Hybrid,Perivascular-Like,Myoepi_KRT15+","niche_1,niche_5",40
GZMK,,,,0
GZMB,"ABCC11,ACTG2,ADH1B,AGR3,AHSP,AKR1C3,ANGPT2,ANKRD29,ANKRD30A,APOBEC3A,APOBEC3B,APOC1,AR,AVPR1A,BANK1,BASP1,BTNL9,C15orf48,C1QC,C2orf42,CAV1,CAVIN2,CCL20,CCL5,CCND1,CD19,CD27,CD3D,CD3E,CD3G,CD4,CD68,CD79A,CD80,CD83,CD86,CD8A","DCIS_2,Invasive_Tumor,Macrophages_1,B_Cells","niche_1,niche_4,niche_5",44
ADH1B,"ACTA2,ACTG2,ALDH1A3,ANKRD28,BTNL9,C15orf48,C1QC,CCDC80,CCL20,CCND1,CD247,CD27,CD4,CD68,CDH1,CEACAM6,CTTN,CXCL12,DPT,DSC2,EPCAM,ERBB2",DCIS_2,niche_5,24
CCL5,"ANKRD28,APOC1,AQP1,AQP3,BACE2,BTNL9,CD14,CD247,CD3E,CD68,CD8A,CX3CR1,CXCR4,CYP1A1,ELF5,ENAH,ERBB2,FLNB,IL7R,LUM,PLD4,POLR2J3,POSTN",LAMP3+_DCs,niche_2,25
LAG3,,,,0
CRISPLD2,"ACTG2,ADIPOQ,AHSP,AIF1,ANKRD30A,APOC1,AVPR1A,BACE2,C1QA,C2orf42,C5orf46,C6orf132,CAVIN2,CCL8,CCPG1,CD27,CD274,CD4,CD68,CD69,CD79A,CD83,CD8A,CD9,CD93,CEACAM6,CLCA2,CLDN4,CLEC14A,CLIC6,CPA3,CRHBP,DST","DCIS_2,Invasive_Tumor,Macrophages_1,Myoepi_ACTA2+,Endothelial,B_Cells,LAMP3+_DCs,IRF7+_DCs,Myoepi_KRT15+","niche_1,niche_4,niche_5",45
APOBEC3A,,,,0
CD3E,"ACTA2,AGR3,ANKRD29,ANKRD30A,AVPR1A,BASP1,C1QC,C6orf132,CCDC80,CCL5,CCL8,CCND1,CD274,CD4,CD68,CD79A,CD79B,CD8A,CD93,CDC42EP1,CLDN5,CLEC14A,CLIC6,CPA3,CRHBP,CTTN,CX3CR1,DERL3","DCIS_2,Invasive_Tumor,Macrophages_1,Prolif_Invasive_Tumor,Stromal_&_T_Cell_Hybrid,Myoepi_KRT15+","niche_1,niche_5",36
CLECL1,,,,0
CD68,"ACTA2,ACTG2,AIF1,ANKRD30A,C15orf48,C1QA,C1QC,CCDC80,CCND1,CD14,CD163,CD4,CDH1,CEACAM6,CX3CR1,CXCL12,CXCR4,DERL3,ERBB2,FAM107B",,niche_2,21
DERL3,,,,0
MMP2,"ABCC11,ACTG2,ADH1B,BANK1,BTNL9,C1QC,CAV1,CCL5,CCND1,CCR7,CD14,CD163,CD1C,CD27,CD3G,CD79B,CD80,CD86,CD8A,CLDN4,CLEC9A,CTH,CTLA4,CTSG,CXCL12,DERL3,DMKN,DNAAF1,EDNRB,EGFR,ELF3,ELF5,EPCAM","Unlabeled,DCIS_1,B_Cells,Stromal_&_T_Cell_Hybrid,IRF7+_DCs","niche_3,niche_4",40
CCPG1,"ADH1B,ADIPOQ,AGR3,ALDH1A3,ANKRD28,ANKRD30A,APOBEC3A,APOBEC3B,APOC1,AQP3,AR,BACE2,BANK1,BASP1,C15orf48,CAVIN2,CCDC6,CCDC80,CCL20,CCND1,CCR7,CD163,CD1C,CD27,CD274,CD3D,CD4,CD69,CD79A,CD93,CDC42EP1,CEACAM8","Invasive_Tumor,Stromal,DCIS_1,Myoepi_ACTA2+,Endothelial,Prolif_Invasive_Tumor,CD4+_T_Cells,LAMP3+_DCs,IRF7+_DCs,Myoepi_KRT15+","niche_2,niche_5",44
KDR,"ACTA2,ACTG2,ADGRE5,ADH1B,ADIPOQ,AHSP,ALDH1A3,ANKRD30A,AQP1,C1QA,C2orf42,C5orf46,CAVIN2,CCDC6,CCL20,CCL5,CCPG1,CD163,CD247,CD3D,CD68,CD69,CD80,CD83,CD86,CD8A,CD8B,CD93,CDC42EP1,CEACAM6,CLDN4,CLDN5","DCIS_2,DCIS_1,Endothelial,CD4+_T_Cells,B_Cells,Stromal_&_T_Cell_Hybrid",niche_2,39
CD4,"ACTA2,ADH1B,ADIPOQ,AHSP,AKR1C3,AQP1,AR,BACE2,CAV1,CAVIN2,CCDC80,CCL5,CCND1,CCR7,CD14,CD163,CD247,CD3G,CD68,CD69,CD79A,CD79B,CD8A,CD9,CLCA2,CLDN4,CLEC14A,CRISPLD2,CTSG,CX3CR1,CXCL12,CXCL5,CXCR4,CYTIP,DAPK3,DMKN,DSC2,DST","DCIS_2,Unlabeled,Invasive_Tumor,CD8+_T_Cells,Prolif_Invasive_Tumor,Macrophages_2,Perivascular-Like","niche_3,niche_5",47
CTSG,,,,0
TUBB2B,"ABCC11,ACTA2,ADAM9,AKR1C3,ANKRD28,AQP1,AQP3,BANK1,BASP1,BTNL9,C6orf132,CD19,CD1C,CD3G,CD4,CD69,CD79A,CD93,CDC42EP1,CENPF,CLDN5,CLECL1,CRHBP,CRISPLD2,CTH,CX3CR1,CXCR4,CYP1A1,DMKN,DSC2,DUSP2,EDN1,EDNRB,ENAH,ERN1,FAM49A,FCER1A,FCER1G,FSTL3,DST","DCIS_2,Invasive_Tumor,Prolif_Invasive_Tumor,CD4+_T_Cells,Stromal_&_T_Cell_Hybrid,Perivascular-Like,Myoepi_KRT15+",niche_2,48
MRC1,"AGR3,AKR1C1,APOBEC3B,AQP1,C1QC,CAV1,CCL20,CCL8,CD1C,CD274,CD69,CD83,CD8A,CD93,CLCA2,CLDN4,CXCL12,ESR1,ITGAX,KARS,KLRB1,KRT23,LILRA4,MDM2,MEDAG,MLPH,MMP12,MYLK,DST","Invasive_Tumor,Stromal,Myoepi_ACTA2+,T_Cell_&_Tumor_Hybrid,Mast_Cells,B_Cells,Macrophages_2,LAMP3+_DCs,IRF7+_DCs",,38
LEP,,,,0
KARS,"ADGRE5,AGR3,AKR1C3,BANK1,CCL5,CCND1,CCPG1,CCR7,CD27,CD9,CDC42EP1,CEACAM8,CLEC14A,DERL3,DNTTIP1,DPT,EIF4EBP1,ELF3,ESM1,FAM107B,FASN,FOXA1,FSTL3,GZMB,IL2RG,LARS,LYPD3,DST",,,28
SEC11C,"ABCC11,ALDH1A3,CD8B,CDC42EP1,CLDN5,CLEC9A,CXCL5,EDNRB,ESR1,GLIPR1,HMGA1,KRT23,LARS,PDCD1LG2,RUNX1,SELL,TCF7,THAP2,VWF",,,19
SFRP1,"ADAM9,BASP1,C1QA,CDC42EP1,CDH1,CSF3,CXCL16,CYTIP,DAPK3,DMKN,EIF4EBP1,FBLIM1,FLNB,GZMA,HPX,KLRD1,LPL,MEDAG,MMP2,MUC6,MYBPC1,PECAM1,PRF1,PTN,QARS,SMS","Invasive_Tumor,Endothelial,CD4+_T_Cells,Macrophages_2",,30
CD247,"ADIPOQ,AKR1C1,ALDH1A3,APOBEC3B,AQP1,AQP3,C6orf132,CD3D,CD79B,CD8B,CEACAM6,CLDN5,CLECL1,CTH,CX3CR1,CXCL12,CXCL16,DMKN,DUSP2,EIF4EBP1,ERBB2,ERN1,FOXA1,FOXP3,DST","Prolif_Invasive_Tumor,Stromal_&_T_Cell_Hybrid,Perivascular-Like","niche_2,niche_3",30
AQP1,"ABCC11,ACTA2,ACTG2,ADAM9,ADIPOQ,ALDH1A3,ANKRD29,AR,BTNL9,C15orf48,C1QC,C5orf46,CAV1,CAVIN2,CCDC6,CCDC80,CCL20,CCND1,CD14,CD27,DST","CD8+_T_Cells,Endothelial,Mast_Cells,CD4+_T_Cells,Macrophages_2,Stromal_&_T_Cell_Hybrid,LAMP3+_DCs,Myoepi_KRT15+",niche_3,30
FGL2,"ADGRE5,AGR3,ANKRD28,APOC1,AVPR1A,BTNL9,C1QA,CCPG1,CD19,CD86,DSP,EDN1,ELF5,ESR1,FSTL3,ITGAM,ITGAX,KRT5,LUM,LYPD3,MLPH,MYO5B,PDCD1,PECAM1,PELI1,PIGR,SERHL2","Macrophages_1,Myoepi_ACTA2+","niche_2,niche_5",31
CCR7,"ABCC11,ADGRE5,ADH1B,AKR1C3,ANKRD28,ANKRD29,C15orf48,C1QA,CAV1,CCDC6,CCDC80,CCL5,CCND1,CD83,CD86,CDH1,CLCA2,CLIC6,CRHBP,CXCL16,CYP1A1,DNTTIP1,DPT","Stromal,Mast_Cells",,25
USP53,"ACTA2,AHSP,AIF1,APOC1,AQP1,AR,BACE2,BANK1,C1QC,C2orf42,CAV1,CCL20,CD19,CD274,CD3G,CD4,CD69,CD79B,CD8A,CDC42EP1,CDH1,CEACAM8,CLDN4,CLEC9A,CTLA4,CTSG,CTTN,CX3CR1,CXCL5,CXCR4,DAPK3,DERL3,DUSP2,DUSP5,EDN1,EGFL7,EIF4EBP1,ELF3,ENAH","Macrophages_1,DCIS_1,Myoepi_ACTA2+,Endothelial,Prolif_Invasive_Tumor,CD4+_T_Cells,Macrophages_2,IRF7+_DCs","niche_1,niche_2,niche_3",50
FAM107B,"ABCC11,ADIPOQ,AGR3,AHSP,AKR1C3,APOBEC3B,APOC1,BANK1,BTNL9,C2orf42,C5orf46,CAVIN2,CCDC6,CCND1,CCR7,CD14,CD163,CD1C,CD3D,CD4,CD83,CD8A,CLIC6,CRHBP,CSF3,CTSG,CTTN,CYP1A1,CYTIP,DNAAF1,DNTTIP1,DSC2","DCIS_2,Invasive_Tumor,Myoepi_ACTA2+,B_Cells,Myoepi_KRT15+","niche_1,niche_2,niche_3,niche_5",41
PDCD1,,,,0
ANKRD29,"ACTG2,AGR3,AIF1,AKR1C3,ALDH1A3,ANGPT2,ANKRD30A,AQP1,AR,AVPR1A,BTNL9,C1QA,C2orf42,C6orf132,CCDC6,CCL5,CCND1,CCPG1,CCR7,CD163,CD19,CD1C,CD247,CD27,CD3D,CD3E,CD3G,CD4,CD80,CD86,CD8A,CD8B,CD9,CDC42EP1,CDH1,CEACAM6,CEACAM8,CLDN4,CLECL1,CRISPLD2","DCIS_2,Stromal,Endothelial,T_Cell_&_Tumor_Hybrid,Macrophages_2","niche_4,niche_5",47
HOOK2,"ABCC11,ACTG2,ADAM9,AGR3,AHSP,AKR1C1,ANKRD28,ANKRD29,APOBEC3B,AQP3,BASP1,BTNL9,C6orf132,CAV1,CAVIN2,CCR7,CD14,CD3D,CD3G,CD68,CD69,CD79A,CD80,CEACAM6,CLEC14A,CLIC6,CRHBP,CRISPLD2,CTLA4,DST","Unlabeled,Macrophages_1,Myoepi_ACTA2+,CD4+_T_Cells,Macrophages_2,Stromal_&_T_Cell_Hybrid",,36
RAMP2,"ACTG2,AIF1,AKR1C3,ANGPT2,ANKRD28,AR,AVPR1A,BANK1,BASP1,BTNL9,C1QC,C2orf42,CAV1,CCL20,CCL5,CCND1,CCPG1,CD14,CD1C,CD274,CD4,DST","Unlabeled,Myoepi_ACTA2+,LAMP3+_DCs",,25
PDGFRA,"ADIPOQ,AGR3,ANGPT2,APOBEC3A,APOC1,C6orf132,CD3G,CTSG,DAPK3,EDN1,EGFL7,FASN,FCER1A,FCGR3A,FLNB,FOXA1,GZMB,GZMK,IL2RA,KLRB1,KRT8,LY86,MMP2,MPO,PECAM1,POLR2J3,RTKN2,S100A14,SERHL2","B_Cells,Myoepi_KRT15+","niche_1,niche_3",33
KRT16,,,,0
CYTIP,"ABCC11,ADAM9,ADGRE5,ADH1B,ADIPOQ,AGR3,AKR1C1,ANGPT2,ANKRD28,ANKRD30A,AVPR1A,BANK1,BTNL9,C15orf48,C1QC,C2orf42,C6orf132,CAV1,CCDC6,CCDC80,CCND1,CCPG1","Unlabeled,Invasive_Tumor,Macrophages_1,Stromal,DCIS_1,Endothelial,Prolif_Invasive_Tumor,CD4+_T_Cells,Stromal_&_T_Cell_Hybrid,LAMP3+_DCs,IRF7+_DCs,Myoepi_KRT15+","niche_1,niche_3,niche_5",37
S100A14,"ACTA2,ADAM9,ADGRE5,ADH1B,ADIPOQ,AHSP,ANKRD28,ANKRD30A,APOBEC3A,APOC1,BACE2,BANK1,BTNL9,CCL8,CCND1,CCR7,CD1C,CD27,CD274,CD3D,CD3E,CD69","Unlabeled,Stromal,CD8+_T_Cells,Mast_Cells,B_Cells,Macrophages_2,Perivascular-Like,LAMP3+_DCs,Myoepi_KRT15+","niche_1,niche_2,niche_5",34
IL3RA,"ACTA2,ACTG2,ADGRE5,ADH1B,AKR1C3,ALDH1A3,ANGPT2,APOC1,AVPR1A,BASP1,C1QA,CCL20,CCND1,CD163,CD1C,CD247,CD3D,CD3E,CD3G,CD4","Unlabeled,Invasive_Tumor,Macrophages_1,DCIS_1,Myoepi_ACTA2+,CD8+_T_Cells,Prolif_Invasive_Tumor,CD4+_T_Cells,Macrophages_2,Stromal_&_T_Cell_Hybrid,Perivascular-Like",niche_3,32
KLRD1,"ADAM9,ADH1B,ALDH1A3,ANKRD29,APOBEC3A,AVPR1A,BACE2,BASP1,BTNL9,C2orf42,CAV1,CCPG1,CD19,CD247,CD27,CD3E,CD3G,CD4,CD68,CD69,CD79A,CD79B,CD80,CD86,CD8A,CD8B,CD9,CEACAM8","Unlabeled,DCIS_1,Myoepi_ACTA2+,CD4+_T_Cells,Macrophages_2,Myoepi_KRT15+","niche_1,niche_2,niche_3,niche_4",38
BTNL9,"ADAM9,ADIPOQ,AHSP,AIF1,AKR1C1,AKR1C3,ANGPT2,ANKRD28,APOBEC3B,AQP3,AVPR1A,C15orf48,C1QA,C5orf46,CAVIN2,CCDC6,CCDC80,CCL20,CCPG1,CD3G,CD79A,CD93,CLEC14A,CLIC6,DST","Myoepi_ACTA2+,Prolif_Invasive_Tumor,Mast_Cells,Stromal_&_T_Cell_Hybrid,Perivascular-Like,LAMP3+_DCs,IRF7+_DCs,Myoepi_KRT15+",niche_1,34
CXCL12,"ACTA2,ADH1B,AKR1C3,ALDH1A3,ANKRD28,ANKRD30A,AQP1,BACE2,BANK1,BASP1,C6orf132,CAVIN2,CCDC80,CCND1,CCPG1,CD3G,CD79A,CDC42EP1,CEACAM8,CLEC9A,CLECL1,CPA3,CTTN","Macrophages_1,CD8+_T_Cells,Endothelial,CD4+_T_Cells,LAMP3+_DCs",niche_1,29
GJB2,,,,0
BASP1,"ADAM9,ADGRE5,ADH1B,AKR1C1,ALDH1A3,ANKRD29,APOBEC3A,APOBEC3B,BACE2,BTNL9,C1QC,C2orf42,CCDC80,CCL8,CCND1,CCPG1,CCR7,CD14,CD19,CD247,CD3E,CD68,CD69,CD79B,DST","DCIS_2,Unlabeled,Macrophages_1,Endothelial,Mast_Cells,B_Cells,Macrophages_2,Stromal_&_T_Cell_Hybrid,Perivascular-Like,IRF7+_DCs","niche_3,niche_4",37
IL7R,"AGR3,AHSP,AIF1,AKR1C1,AKR1C3,ALDH1A3,ANGPT2,ANKRD29,APOBEC3A,APOC1,AQP1,BACE2,CAV1,CCL20,CCND1,CCR7,CD19,CD1C,CD247,CD27,CD3D,CD3E,CD3G,CD68,CD8B,CEACAM6,DST","Invasive_Tumor,DCIS_1,CD8+_T_Cells,Prolif_Invasive_Tumor,Mast_Cells,Macrophages_2,Stromal_&_T_Cell_Hybrid","niche_2,niche_3",36
AKR1C3,,,,0
PCOLCE,"ADGRE5,ADH1B,ADIPOQ,AGR3,AKR1C1,AKR1C3,ANKRD28,ANKRD30A,APOBEC3A,APOBEC3B,BANK1,BASP1,BTNL9,C15orf48,C1QC,C5orf46,CCDC6,CCL20,CCL5,CCL8,CCND1,CCPG1,CCR7,CD14,CD1C,CD247,CD3D,CD79A,CD80,CD83,CD8A","DCIS_2,Myoepi_ACTA2+,Endothelial,Prolif_Invasive_Tumor,Mast_Cells,CD4+_T_Cells,B_Cells,Perivascular-Like,LAMP3+_DCs,IRF7+_DCs","niche_1,niche_3,niche_4",44
S100A4,"ABCC11,ACTA2,ADGRE5,ADH1B,AGR3,AKR1C1,AKR1C3,ANKRD28,AQP1,BANK1,BTNL9,C5orf46,CCDC80,CD14,CD163,CD3E,CD80,CD86,CD8A,CD8B,CD93,CEACAM6,CEACAM8,CLCA2,CLDN5,CLECL1,CRISPLD2,CSF3,CTH,CTSG,DST","DCIS_2,Invasive_Tumor,Stromal,Myoepi_ACTA2+,Endothelial,Macrophages_2",niche_5,38
SMAP2,"ADGRE5,ADH1B,AHSP,AIF1,AKR1C3,ANKRD28,APOBEC3A,APOBEC3B,AQP1,AR,BACE2,C1QC,C2orf42,C5orf46,CAVIN2,CCDC6,CCDC80,CCL20,CCL8,CCR7,CD19,CD3D,CD4,CD69,CD79A,CD79B,CD80,DST","Macrophages_1,Stromal,DCIS_1,T_Cell_&_Tumor_Hybrid,CD4+_T_Cells,Macrophages_2,Stromal_&_T_Cell_Hybrid,LAMP3+_DCs,IRF7+_DCs","niche_1,niche_4,niche_5",40
FBLN1,"ACTA2,AR,AVPR1A,BANK1,C5orf46,CCL20,CCPG1,CD247,CD27,CDC42EP1,CRISPLD2,CTTN,CX3CR1,CXCR4,DNTTIP1,DUSP2,ELF3,FGL2,GLIPR1,IGF1,ITGAM,KIT,KLRB1,KRT5,LARS,MKI67,MMP1,MMRN2,MPO,QARS,RHOH,S100A14,SCD",Myoepi_KRT15+,"niche_3,niche_4,niche_5",37
POSTN,"ACTA2,ACTG2,ADAM9,ADGRE5,ADH1B,AIF1,ANKRD30A,APOC1,AQP1,BACE2,BASP1,BTNL9,C1QA,C1QC,CAV1,CCDC6,CCDC80,CCL5,CCND1,CCPG1,CD14,CD163,CD3E,CD4,CD68,CD8A,CD8B,DST",Stromal,niche_4,30
PRDM1,"AIF1,ANKRD29,CCDC80,CD80,CEACAM6,CTSG,CTTN,CX3CR1,CXCL12,CXCL5,CYTIP,DMKN,ERBB2,ERN1,ESM1,IL3RA,LUM,MMP2,MS4A1,MYLK,NCAM1,OPRPN,POSTN,REXO4,SCD,SFRP4,SLAMF1,TACSTD2,TENT5C,TIMP4,TOP2A,TPD52,USP53,VWF,ZNF562","DCIS_2,T_Cell_&_Tumor_Hybrid",,37
PECAM1,"ALDH1A3,ANKRD28,AQP1,C1QC,CAVIN2,CD19,CEACAM8,CLDN4,CSF3,CXCL5,DSC2,FLNB,KLRC1,LDHB,MRC1,MS4A1,NPM3,PTN,SDC4,TIGIT,TYROBP",,niche_2,22
THAP2,"ABCC11,ACTA2,ADAM9,ADGRE5,ADIPOQ,ANGPT2,ANKRD28,APOBEC3B,AR,BTNL9,C15orf48,C1QA,C2orf42,C6orf132,CAV1,CCL20,CCL5,CCND1,CCPG1,CD14,CD27,CD3D,CD3G,CD68,CD79A,CD79B","Macrophages_1,Myoepi_ACTA2+,CD8+_T_Cells,Prolif_Invasive_Tumor,LAMP3+_DCs,Myoepi_KRT15+",niche_2,33
MPO,,,,0
SMS,"ADAM9,ADGRE5,ADH1B,AGR3,AHSP,ANKRD29,ANKRD30A,APOBEC3B,APOC1,AVPR1A,BASP1,C5orf46,C6orf132,CCL20,CCL8,CCND1,CD1C,CD3D,CD3E,CD4,CD68,CD79A,CD83,CD86,CD8A,CD8B,CD93,CEACAM8,CENPF,CLDN4,CLEC9A,CLECL1","Unlabeled,DCIS_1,Myoepi_ACTA2+,Endothelial,T_Cell_&_Tumor_Hybrid,Mast_Cells,CD4+_T_Cells","niche_4,niche_5",41
VWF,"ACTG2,AIF1,APOBEC3A,CCPG1,CD80,CLEC9A,CLECL1,CTH,CX3CR1,CXCL12,CXCR4,DMKN,DSP,DUSP2,EGFR,ELF3,ERBB2,FAM49A,FCER1A,GJB2,GLIPR1,GPR183,HMGA1,ITGAM,ITGAX,ITM2C,DST","Invasive_Tumor,Prolif_Invasive_Tumor,CD4+_T_Cells",,30
ADGRE5,"ACTA2,ACTG2,ADAM9,ADH1B,AGR3,AHSP,AKR1C3,ALDH1A3,ANKRD28,ANKRD30A,AQP1,AVPR1A,BANK1,BASP1,BTNL9,CAV1,CCL5,CCPG1,CD163,CD19,CD3D,CD3G,CD68,CD79A,CD83,CD86,CD8B,CD9,CD93,CDC42EP1,DST","Unlabeled,Macrophages_1,Myoepi_ACTA2+,Mast_Cells,CD4+_T_Cells,B_Cells,Macrophages_2,LAMP3+_DCs","niche_1,niche_2,niche_4,niche_5",43
WARS,"ACTA2,ADAM9,ADGRE5,ADIPOQ,AGR3,AHSP,AIF1,AKR1C1,ALDH1A3,ANKRD29,ANKRD30A,APOC1,AQP1,AQP3,AVPR1A,C15orf48,C1QA,C5orf46,CCL5,CCPG1,CCR7,CD14,CD80,CD86,CD8A,CD8B,CD93,CEACAM6,CENPF,CLDN5,CLEC14A,CPA3,CTH,CTLA4,DST","Stromal,CD8+_T_Cells,T_Cell_&_Tumor_Hybrid,Macrophages_2,Stromal_&_T_Cell_Hybrid,IRF7+_DCs","niche_2,niche_4,niche_5",44
ANKRD28,"ACTA2,ACTG2,ADAM9,ADH1B,ADIPOQ,AHSP,AKR1C1,AKR1C3,APOBEC3B,APOC1,AQP3,AVPR1A,BACE2,BANK1,BTNL9,C1QA,C5orf46,C6orf132,CAV1,CCDC6,CCDC80,CCL8,CCND1,CD163,DST","Unlabeled,Macrophages_1,DCIS_1,Prolif_Invasive_Tumor,Stromal_&_T_Cell_Hybrid,Perivascular-Like,IRF7+_DCs","niche_1,niche_2,niche_3,niche_4,niche_5",37
LIF,,,,0
LGALSL,"ABCC11,ACTA2,ADIPOQ,AIF1,AKR1C1,AQP1,AR,BASP1,C1QA,C2orf42,CCL20,CCL5,CD27,CD274,CD3D,CD3E,CD3G,CD86,CD9,CDH1,CENPF,CLDN4,CLDN5,CRISPLD2,DST","Stromal,Myoepi_ACTA2+,Mast_Cells,Macrophages_2,IRF7+_DCs",niche_3,31
VOPP1,"ABCC11,ACTA2,ADAM9,ADGRE5,ADIPOQ,AKR1C3,APOC1,AQP3,C15orf48,CCDC6,CCL20,CCL5,CD19,CD1C,CD274,CD3E,CD69,CD80,CD86,CD8A,CD93,CDH1,CEACAM8,CENPF,CLDN4,CRHBP,CSF3","DCIS_2,Macrophages_1,Stromal,DCIS_1,CD8+_T_Cells,Endothelial,Prolif_Invasive_Tumor,CD4+_T_Cells,Perivascular-Like,LAMP3+_DCs","niche_1,niche_3,niche_4",40
CTTN,"ACTA2,AIF1,ALDH1A3,ANKRD29,APOBEC3B,AR,BACE2,BANK1,BTNL9,C5orf46,CCDC6,CCND1,CD19,CD27,CD274,CD3E,CD68,CD79A,CD8A,CD8B,CDH1,CEACAM6,CLDN4,CLECL1,CLIC6,CX3CR1,CXCR4,DAPK3,DERL3,DNAAF1,DNTTIP1,DSP,DUSP5,EGFL7,EIF4EBP1,ELF3,EPCAM,ERBB2,ESM1,FAM107B","DCIS_2,Invasive_Tumor,CD8+_T_Cells,Stromal_&_T_Cell_Hybrid,Perivascular-Like","niche_3,niche_5",47
BACE2,"AGR3,AHSP,APOBEC3A,AVPR1A,BANK1,BASP1,BTNL9,C2orf42,C5orf46,C6orf132,CAVIN2,CCL20,CCL5,CCND1,CD274,CD79B,CD80,CD83,CD8A,CD8B,CD9,CD93,CLDN4,CLIC6,CRISPLD2,CSF3,CTH,CTSG,DAPK3,DERL3,DMKN,DNAAF1,DSP,DUSP2,EIF4EBP1,ELF3,ELF5,DST","Unlabeled,Stromal,Myoepi_ACTA2+,CD8+_T_Cells,Prolif_Invasive_Tumor,Mast_Cells,IRF7+_DCs,Myoepi_KRT15+","niche_2,niche_3,niche_4",49
CLDN4,"ACTA2,ADIPOQ,AKR1C1,AKR1C3,ANKRD28,ANKRD29,APOC1,AQP1,AQP3,BACE2,BASP1,C1QC,C5orf46,C6orf132,CCDC6,CCL20,CCND1,CCPG1,CD14,CD3E,CD3G,CD4,DST","Unlabeled,Myoepi_ACTA2+,CD8+_T_Cells,T_Cell_&_Tumor_Hybrid,CD4+_T_Cells,Perivascular-Like,LAMP3+_DCs,Myoepi_KRT15+",niche_2,32
AIF1,"ACTG2,BACE2,C1QC,C5orf46,CCDC80,CCL5,CCND1,CD14,CD163,CD4,CD68,CD9,CXCL12,CXCR4,DPT,ERBB2,FASN,FCER1G,GATA3,GJB2,IL3RA,KRT7,LARS,LUM,LYZ,MMP2,MRC1,PDK4,PELI1,POLR2J3,POSTN,PTPRC,SELL,SFRP4,SH3YL1",LAMP3+_DCs,,36
SDC4,"ACTA2,ADAM9,ADGRE5,ADH1B,AGR3,AKR1C3,ALDH1A3,ANGPT2,ANKRD28,ANKRD29,AQP1,AR,AVPR1A,BANK1,C1QC,C5orf46,C6orf132,CCL20,CCL5,CCL8,CCPG1,CD163,CD19,DST","Stromal,DCIS_1,CD8+_T_Cells,Prolif_Invasive_Tumor,Stromal_&_T_Cell_Hybrid,IRF7+_DCs","niche_2,niche_4,niche_5",33
ANGPT2,,,,0
AVPR1A,,,,0
KRT7,"ACTA2,AKR1C1,AQP3,AVPR1A,BACE2,BANK1,C1QA,CCND1,CD80,CDH1,CEACAM6,CLCA2,CPA3,CRHBP,CTTN,DUSP2,EPCAM,ERBB2,FBLIM1,FCGR3A,GNLY,GPR183,GZMA,GZMB,HAVCR2,HOOK2,ITGAM,KLF5,KLRC1,KLRF1,KRT8,LARS,LILRA4,LTB,MMRN2,MUC6,MYBPC1,NARS,NDUFA4L2,PTRHD1,DST",,,41
PLD4,,,,0
PDK4,"ACTG2,ADIPOQ,AKR1C3,ANGPT2,ANKRD28,APOC1,AVPR1A,BASP1,BTNL9,C15orf48,C5orf46,CAV1,CCL20,CCND1,CCPG1,CD163,CD3G,CD69,CD79A,CLCA2,CLEC9A,CLIC6,CPA3,CSF3,CTLA4,CXCL5,CXCR4,DAPK3,DERL3,DNTTIP1,DSP,EGFL7,EIF4EBP1,ERN1,ESR1,FAM107B,FAM49A,FASN,FCER1G","Unlabeled,Macrophages_1,DCIS_1,Endothelial,Prolif_Invasive_Tumor,Mast_Cells,Stromal_&_T_Cell_Hybrid,Myoepi_KRT15+","niche_1,niche_3,niche_4",50
MYH11,"ACTA2,ACTG2,ALDH1A3,AQP1,AQP3,BANK1,BTNL9,C1QC,C2orf42,C5orf46,CAV1,CCDC80,CCL20,CCL8,CCND1,CD1C,CD247,CD274,CD3E,CD93,CDH1,CEACAM6,CLDN4,CLDN5,CLECL1,CPA3,CRISPLD2,CSF3,DAPK3,ELF5,ERBB2,ESM1,DST","Unlabeled,DCIS_1,Myoepi_ACTA2+,Endothelial,Prolif_Invasive_Tumor",niche_1,39
ABCC11,"AGR3,ANGPT2,APOBEC3B,BASP1,C1QA,C2orf42,CD19,CD247,CD3E,CD68,CD80,CD86,CSF3,CTH,CYP1A1,DPT,DSC2,EPCAM,ERBB2,ESR1,FASN,FCER1G,GATA3,HOXD9,IGF1,ITM2C,KLF5,LAG3","DCIS_1,CD8+_T_Cells,LAMP3+_DCs",,31
NKG7,,,,0
KLRC1,,,,0
CTLA4,"ACTA2,ACTG2,ADAM9,AGR3,AHSP,AIF1,AKR1C3,ANGPT2,ANKRD28,APOBEC3A,AR,AVPR1A,BANK1,C5orf46,CAV1,CCND1,CD247,CD3G,CD4,CD86,CD8A,CDC42EP1,CEACAM6,CENPF,CLIC6,CRHBP,CTH,CTSG","Stromal,CD8+_T_Cells,T_Cell_&_Tumor_Hybrid,Mast_Cells,Stromal_&_T_Cell_Hybrid,Myoepi_KRT15+","niche_1,niche_4",36
ZEB1,"ABCC11,ACTG2,ADGRE5,ADH1B,ADIPOQ,AKR1C3,ANGPT2,ANKRD28,ANKRD30A,APOBEC3A,APOBEC3B,APOC1,AR,AVPR1A,BASP1,C15orf48,C2orf42,C5orf46,CCDC6,CCDC80,CCL5,CCND1,CD247,CD27,CD3E,CD79B,CD8A,CD8B,CD9,CDH1","DCIS_1,T_Cell_&_Tumor_Hybrid,Mast_Cells,Macrophages_2,LAMP3+_DCs,IRF7+_DCs","niche_1,niche_3,niche_4,niche_5",40
MYBPC1,,,,0
CLEC9A,,,,0
GLIPR1,"ABCC11,ACTA2,ADAM9,AGR3,AHSP,AKR1C1,ALDH1A3,ANGPT2,ANKRD28,ANKRD29,AQP3,AVPR1A,BACE2,C15orf48,C1QA,C1QC,CAV1,CAVIN2,CCDC6,CCL5,CCPG1,CD14","Macrophages_1,CD8+_T_Cells,Endothelial,Mast_Cells,Stromal_&_T_Cell_Hybrid,Perivascular-Like,LAMP3+_DCs","niche_2,niche_3,niche_5",32
C15orf48,,,,0
AHSP,,,,0
KLF5,"ACTA2,ADAM9,ADGRE5,AGR3,AKR1C3,ALDH1A3,ANKRD30A,AR,BTNL9,CCL5,CCND1,CCR7,CD27,CD274,CD3G,CD68,CD79A,CD83,CD86,CD8B,CD9,CEACAM8,CENPF,CLIC6,CPA3,DMKN,DNTTIP1,EDN1,EPCAM,ERN1,FBLIM1,FBLN1,FLNB,FOXA1,FOXP3,GNLY,GZMB,HAVCR2","DCIS_2,Unlabeled,Invasive_Tumor,Stromal,DCIS_1,Prolif_Invasive_Tumor,T_Cell_&_Tumor_Hybrid,Mast_Cells",,46
CLDN5,,,,0
ITGAM,"ABCC11,ACTA2,ADAM9,ADIPOQ,AGR3,AIF1,AKR1C1,ANKRD28,ANKRD29,APOBEC3A,AVPR1A,BASP1,BTNL9,C15orf48,C5orf46,CAV1,CCND1,CD14,CD163,CD247,CD3D,CD3E,CD83,CD93,CDC42EP1,CLCA2,CLDN5,CLECL1,CPA3,CTLA4,CX3CR1,DAPK3,DERL3,DMKN,DNTTIP1,DSC2,DST","Invasive_Tumor,Macrophages_1,Myoepi_ACTA2+,Mast_Cells,LAMP3+_DCs","niche_1,niche_3",44
SERHL2,"ACTG2,ADIPOQ,AIF1,ALDH1A3,ANGPT2,ANKRD28,ANKRD30A,APOBEC3A,AQP1,AQP3,AR,AVPR1A,BANK1,BTNL9,C2orf42,CCDC6,CCND1,CD19,CD1C,CD274,CD3G,CD68,CD69,CD80","Invasive_Tumor,Macrophages_1,Endothelial,Prolif_Invasive_Tumor,Mast_Cells,LAMP3+_DCs","niche_1,niche_4",32
GNLY,,,,0
CTH,,,,0
ESR1,"ADGRE5,ADH1B,ADIPOQ,AKR1C1,AKR1C3,ALDH1A3,ANKRD28,ANKRD29,APOBEC3A,AQP1,AVPR1A,C15orf48,C1QC,C2orf42,C6orf132,CAV1,CAVIN2,CCDC6,CCL20,CCL8,CD4,CD68,CD8A,CD9,CLEC9A,CTH,CTLA4,CTTN,CYTIP,DUSP2,EDNRB,EGFL7,EGFR,ELF3,EPCAM,ERBB2","Unlabeled,Invasive_Tumor,Macrophages_1,T_Cell_&_Tumor_Hybrid,Mast_Cells,Macrophages_2,Stromal_&_T_Cell_Hybrid,Myoepi_KRT15+",niche_3,45
MZB1,"ACTA2,ADIPOQ,AGR3,AQP1,BANK1,BASP1,C5orf46,C6orf132,CAV1,CAVIN2,CCDC6,CCDC80,CCND1,CCR7,CD68,CD79A,CD80,CD93,CEACAM6,CENPF,CRHBP,CRISPLD2,CTTN,CXCL16,CYP1A1,CYTIP,DAPK3,DNAAF1,EIF4EBP1,ELF3,ERBB2,ERN1,ESM1,FAM107B,FLNB,DST","DCIS_2,Invasive_Tumor,Endothelial,CD4+_T_Cells,Myoepi_KRT15+","niche_1,niche_3",43
OXTR,,,,0
LDHB,"ADGRE5,ADIPOQ,AGR3,AHSP,AKR1C3,ANGPT2,ANKRD28,ANKRD30A,AQP1,AVPR1A,BACE2,BASP1,C15orf48,C1QA,C1QC,C2orf42,CAV1,CCL20,CCL8,CD247,CD274,CD68,CD83,CD86,CD8A,DST","Unlabeled,CD8+_T_Cells,Prolif_Invasive_Tumor,T_Cell_&_Tumor_Hybrid,Stromal_&_T_Cell_Hybrid,Myoepi_KRT15+","niche_4,niche_5",34
TMEM147,"CCDC80,CD86,CLEC14A,CRISPLD2,CX3CR1,CXCL16,DERL3,KLF5,KLRC1,KRT6B,KRT7,MYLK,NARS,SCD,SERPINA3,SMS,TOMM7,TUBB2B",DCIS_1,,19
ITGAX,"ABCC11,AKR1C3,APOBEC3B,AQP1,AR,BANK1,BASP1,BTNL9,C2orf42,CAV1,CAVIN2,CCPG1,CD247,CD3D,CD4,CD68,CD79A,CD80,CD8B,CLCA2,CLEC9A,CPA3,CSF3,CTH,CXCL16,CXCL5,CXCR4,DERL3,DNAAF1,DPT,EGFL7,ELF5,ENAH,EPCAM,ERBB2,FBLIM1,FBLN1,FCER1G,FCGR3A","DCIS_2,Stromal,Endothelial,T_Cell_&_Tumor_Hybrid,CD4+_T_Cells,Stromal_&_T_Cell_Hybrid,Perivascular-Like,LAMP3+_DCs,IRF7+_DCs",niche_1,49
KRT8,"ABCC11,ADGRE5,ADIPOQ,AIF1,AKR1C3,ANKRD28,ANKRD29,APOBEC3A,APOBEC3B,AR,BACE2,BANK1,BTNL9,C1QA,C1QC,CCL20,CCL5,CCL8,CCND1,CD247,CD3D,CD3G,DST","Unlabeled,Invasive_Tumor,Prolif_Invasive_Tumor,Stromal_&_T_Cell_Hybrid,Perivascular-Like,LAMP3+_DCs",niche_1,30
MLPH,"ACTA2,ADAM9,ADH1B,AGR3,AHSP,ALDH1A3,APOBEC3A,APOBEC3B,APOC1,BANK1,BASP1,BTNL9,C1QA,C2orf42,C6orf132,CCDC6,CCDC80,CCND1,CD163,CD19,CD3D,CD3G,CD4,CD68,CD69,CD80,DST","Macrophages_1,Myoepi_ACTA2+,CD8+_T_Cells,Mast_Cells,CD4+_T_Cells,B_Cells,Stromal_&_T_Cell_Hybrid,LAMP3+_DCs",niche_2,36
EGFR,"ADAM9,ADH1B,ANGPT2,APOC1,C2orf42,CCDC6,CCL8,CCND1,CD163,CD68,CLEC9A,CTSG,CXCL16,DSP,EDNRB,EPCAM,FAM49A,FBLIM1,FCER1A,FOXP3,GZMB,HOXD9,IGSF6,IL2RG,KLRB1,KLRD1,KRT14,KRT6B","Macrophages_1,Endothelial,Perivascular-Like","niche_1,niche_5",33
TFAP2A,"AHSP,BASP1,C2orf42,CAV1,CCND1,CD247,CD3D,CD79A,CDC42EP1,CENPF,CLDN4,CLECL1,CTH,DPT,DSP,DUSP5,EGFL7,ELF3,ERBB2,FAM49A,FCGR3A,FGL2,FOXP3,HAVCR2,HPX,JUP,KARS,KDR,KLRD1,KRT16,LAG3,LTB,LYPD3,MLPH","Stromal,Myoepi_ACTA2+,Prolif_Invasive_Tumor",,37
CCL20,,,,0
IGSF6,"ADH1B,AKR1C3,ALDH1A3,APOBEC3B,AQP1,AVPR1A,C1QA,C6orf132,CCR7,CD14,CD27,CD79B,CD8B,CD93,CENPF,CLDN4,DMKN,DNAAF1,EGFL7,EPCAM,FBLN1,FCGR3A,GATA3,GJB2,GNLY,HAVCR2,HDC,HOOK2,JUP,KARS,KLRB1,KRT15,KRT6B,LILRA4,LPL,LPXN,LTB,LYZ","DCIS_2,Macrophages_1,Stromal","niche_1,niche_3,niche_4",44
SOX17,,,,0
CYP1A1,,,,0
KIT,,,,0
SSTR2,,,,0
MMP12,,,,0
CD86,"ADIPOQ,AGR3,AKR1C1,AKR1C3,ALDH1A3,ANGPT2,ANKRD30A,APOBEC3A,APOC1,BTNL9,C1QA,CAVIN2,CCL20,CD163,CD9,CLEC9A,CRHBP,CRISPLD2,DERL3,DUSP2","DCIS_2,B_Cells,Perivascular-Like,LAMP3+_DCs,IRF7+_DCs",,25
TCF4,"ACTG2,AKR1C1,ANGPT2,AVPR1A,BANK1,BASP1,CD14,CD69,CD8A,EGFR,GNLY,HOOK2,LAG3,LPL,LYZ,NOSTRIN,OCIAD2,PCLAF,PLD4,PRDM1,RTKN2,S100A14,SCGB2A1,TFAP2A,TPSAB1,UCP1","Macrophages_2,IRF7+_DCs",,28
TRAPPC3,"ADAM9,ADGRE5,AHSP,AIF1,ALDH1A3,ANKRD30A,AQP3,BANK1,BASP1,C15orf48,C2orf42,CAV1,CCDC80,CCL20,CCL5,CD14,CD163,CD1C,CD274,CD3D,CD3G,CD79A,CD83,CD86,CD8B","Unlabeled,Stromal,DCIS_1,Endothelial,Prolif_Invasive_Tumor,Stromal_&_T_Cell_Hybrid,Perivascular-Like,Myoepi_KRT15+","niche_1,niche_2,niche_4,niche_5",37
CD19,,,,0
ENAH,"ACTG2,ADAM9,ADGRE5,AHSP,AIF1,AKR1C1,ALDH1A3,ANKRD29,ANKRD30A,APOBEC3B,AQP3,AVPR1A,BASP1,BTNL9,C15orf48,CAV1,CAVIN2,CCDC6,CCPG1,CCR7,CD163,CD19,CD3E,CD79B,CD86,CD93,CENPF,CLCA2,CLEC14A,DST","DCIS_2,Unlabeled,DCIS_1,CD8+_T_Cells,T_Cell_&_Tumor_Hybrid,Mast_Cells",niche_1,37
JUP,"ALDH1A3,ANKRD30A,AQP1,BANK1,C15orf48,CD3D,CD79A,CLEC9A,DNTTIP1,DSP,ELF5,FBLIM1,FCER1A,FOXP3,GLIPR1,HAVCR2,ITGAM,KARS,LDHB,LIF,LUM,MRC1,MUC6,NDUFA4L2,OCIAD2,PCLAF,PIGR,POLR2J3,POSTN,PPARG,REXO4","DCIS_2,DCIS_1,Mast_Cells,B_Cells",niche_4,36
PDE4A,"ADH1B,AHSP,AKR1C1,AKR1C3,ANKRD28,ANKRD29,APOC1,C6orf132,CCR7,CD163,CD19,CD247,CD3E,CD79B,CD9,CDH1,CEACAM6,CLDN4,CLDN5,CLECL1,CLIC6,CPA3,CTTN,DNAAF1,DNTTIP1,DPT,DUSP5,EGFR,FAM49A,DST",Stromal,niche_4,32
TRAC,"ADH1B,ANKRD29,CD79B,CD8B,CRISPLD2,DUSP2,EDNRB,FCER1A,FGL2,HOXD8,LYPD3,MPO,MYLK,NDUFA4L2,NOSTRIN,OPRPN,PLD4,PTGDS,RHOH,SQLE",IRF7+_DCs,niche_3,22
LRRC15,"ACTG2,ADAM9,ADGRE5,ADIPOQ,ANKRD29,APOBEC3A,APOBEC3B,AQP3,AR,AVPR1A,BACE2,C15orf48,C2orf42,C6orf132,CAV1,CCL8,CCND1,CCPG1,CD14,CD1C,CD247,CD3E,CD3G,CD4,CD68,CD79A,CD79B,CD80,CD86,CD8B,CD9,CEACAM8,CLECL1,CPA3,CRISPLD2,CSF3,CTSG,CYP1A1,CYTIP,DST","Unlabeled,Invasive_Tumor,Macrophages_1,Endothelial,CD4+_T_Cells,B_Cells",,46
TPD52,"ABCC11,ACTA2,ACTG2,ADGRE5,AKR1C1,ALDH1A3,ANKRD28,APOBEC3A,AR,AVPR1A,BACE2,BANK1,C15orf48,C1QA,C1QC,C2orf42,CCDC80,CCL20,CCL5,CCND1,CD163","Macrophages_1,Stromal,Prolif_Invasive_Tumor,Stromal_&_T_Cell_Hybrid,Perivascular-Like,IRF7+_DCs,Myoepi_KRT15+","niche_1,niche_3,niche_5",31
AGR3,"ABCC11,ALDH1A3,APOBEC3B,BACE2,BTNL9,C15orf48,C2orf42,CCDC6,CCND1,CCPG1,CD274,CD3G,CD69,CD86,CD9,CDH1,CEACAM6,CLIC6,CRHBP,CRISPLD2,CYP1A1,DERL3,DNAAF1,EDN1,EIF4EBP1,ELF5,ENAH,ERBB2,FCER1A,FCGR3A,FGL2,FOXP3,FSTL3,GNLY,GZMA,GZMB","Invasive_Tumor,LAMP3+_DCs",niche_5,39
PGR,,,,0
TCL1A,,,,0
SLC25A37,"ABCC11,ACTG2,ADAM9,ADH1B,ANGPT2,ANKRD29,ANKRD30A,APOBEC3A,APOBEC3B,BANK1,BASP1,C15orf48,C6orf132,CAVIN2,CCL20,CCPG1,CD14,CD247,CD27,CD68,CD83,CD86,CD8A,CEACAM6,CENPF,CLDN5,CRHBP","Invasive_Tumor,Macrophages_1,CD8+_T_Cells,T_Cell_&_Tumor_Hybrid,Mast_Cells,Perivascular-Like,Myoepi_KRT15+",niche_4,35
CXCL5,,,,0
SERPINA3,"ABCC11,AGR3,APOBEC3A,APOC1,C1QA,CCPG1,CD1C,CD247,CD79A,CDH1,CPA3,CXCR4,DUSP2,EGFR,ERBB2,FSTL3,GATA3,GNLY,GPR183,IL2RA,KLRF1,LILRA4,LPL,LY86,RAPGEF3,SCD,SERHL2,SH3YL1,SPIB,TIGIT,WARS,ZEB1,ZNF562","Stromal,DCIS_1,CD8+_T_Cells,T_Cell_&_Tumor_Hybrid",,37
CD8A,"ABCC11,ALDH1A3,ANKRD28,APOC1,C1QA,C6orf132,CCDC80,CCL20,CCL5,CCND1,CCPG1,CD3E,CD68,CD79A,CD8B,CRISPLD2,CTLA4,CXCL12,CXCL16,CXCR4,CYP1A1,DNAAF1,DUSP2,EGFR,ERBB2,FOXC2,FSTL3,GZMA,GZMK,HAVCR2,IL7R,KDR,KLRF1,KRT5","Endothelial,Myoepi_KRT15+",niche_4,37
HPX,,,,0
TOMM7,"ADIPOQ,AGR3,AKR1C3,ALDH1A3,APOBEC3A,AR,AVPR1A,BACE2,CCL8,CD14,CD3E,CD8A,CD8B,CEACAM6,CTH,CTLA4,CXCL16,ELF5,ENAH,ERBB2","CD8+_T_Cells,CD4+_T_Cells,B_Cells,Macrophages_2,Stromal_&_T_Cell_Hybrid","niche_2,niche_4",27
SOX18,,,,0
CCDC80,"ACTA2,ADGRE5,ADH1B,AIF1,AKR1C1,ANKRD30A,BACE2,BASP1,C1QA,C1QC,C2orf42,C5orf46,CAVIN2,CCL8,CD1C,CD247,CD3G,CD86,CDH1,CLDN4,CRISPLD2,CTLA4,CTTN,CXCL12,CXCL16,CYTIP,DPT,DSP,DUSP5,EPCAM,ERBB2,FBLN1,FCER1G,FOXC2,GLIPR1,GPR183,GZMB",CD8+_T_Cells,"niche_2,niche_3",40
CD80,,,,0
APOC1,"ACTA2,ADAM9,ADIPOQ,AIF1,APOBEC3B,AR,AVPR1A,BANK1,C1QC,C6orf132,CCDC6,CCND1,CD19,CD1C,CD27,CD4,CD79B,CD83,CD8A,CD9,CD93,CLEC9A,CRISPLD2,CSF3,CTTN,CXCR4,DAPK3,DSP,DST","DCIS_2,Invasive_Tumor,Macrophages_1,Prolif_Invasive_Tumor,LAMP3+_DCs","niche_1,niche_3",36
SLC4A1,,,,0
MUC6,,,,0
TUBA4A,"ABCC11,ADAM9,ADIPOQ,AHSP,ANKRD28,ANKRD29,APOC1,C15orf48,C1QA,C2orf42,CCDC80,CCL5,CCR7,CD1C,CD27,CD274,CD68,CD79A,CD79B,CD86,CD8A,CD93,CEACAM8,CENPF,CLEC9A,CLIC6,CTLA4,CTSG,CTTN,DMKN,DNAAF1","DCIS_2,Unlabeled,DCIS_1,Myoepi_ACTA2+,Prolif_Invasive_Tumor,Mast_Cells,CD4+_T_Cells,B_Cells,Stromal_&_T_Cell_Hybrid,LAMP3+_DCs","niche_2,niche_4",43
PDCD1LG2,,,,0
NDUFA4L2,,,,0
LPL,"ABCC11,ACTG2,ADGRE5,ADH1B,AKR1C3,ANKRD28,ANKRD29,APOBEC3A,APOBEC3B,AQP1,AQP3,AR,AVPR1A,BANK1,C1QA,C1QC,C5orf46,C6orf132,CAV1,CCDC80,CCL20,CCL8,CD14,CD19,CD1C,CD274,CD3E,CD68,CD69,CD80,DST","DCIS_2,Unlabeled,Macrophages_1,DCIS_1,Mast_Cells,CD4+_T_Cells,Macrophages_2,Stromal_&_T_Cell_Hybrid,LAMP3+_DCs,IRF7+_DCs","niche_4,niche_5",43
SEC24A,"ADH1B,ADIPOQ,AGR3,AHSP,AIF1,ANGPT2,ANKRD28,ANKRD30A,AR,C15orf48,C1QA,C2orf42,C6orf132,CCDC6,CCDC80,CCL5,CCL8,CCND1,CCPG1,CCR7,CD163,CD27,CD3D,CD3E,CD68,CD8A,CD9,CENPF,CLDN4,CLIC6,CPA3,CRISPLD2,CTLA4,CTTN,CXCL16,CXCR4,CYP1A1,DST","DCIS_2,Unlabeled,Stromal,CD8+_T_Cells,Mast_Cells,B_Cells,Macrophages_2,Stromal_&_T_Cell_Hybrid,LAMP3+_DCs,IRF7+_DCs","niche_1,niche_4",50
MS4A1,"ADAM9,ADGRE5,AIF1,AKR1C1,AKR1C3,ANGPT2,ANKRD29,APOBEC3B,AQP1,AR,BACE2,BANK1,C2orf42,CAVIN2,CCDC80,CCL5,CCL8,CCPG1,CCR7,CD163,CD19,CD274,CD3D,CD4,CD80,CD83,CDH1,CLCA2,CLDN5,CLEC14A,CLECL1,CSF3","DCIS_2,Unlabeled,Stromal,CD8+_T_Cells,Endothelial,Prolif_Invasive_Tumor,Mast_Cells,Stromal_&_T_Cell_Hybrid,IRF7+_DCs","niche_3,niche_4",43
FASN,"ACTG2,ADAM9,ADIPOQ,AIF1,AKR1C1,ANGPT2,ANKRD28,APOBEC3A,APOBEC3B,APOC1,AQP3,AR,AVPR1A,C15orf48,C1QA,C2orf42,CAVIN2,CCDC80,CCL20,CCL5,CCND1,CD19,CD1C,CD274,CD4,CD68","Unlabeled,Invasive_Tumor,CD8+_T_Cells,Mast_Cells,CD4+_T_Cells,B_Cells,Stromal_&_T_Cell_Hybrid",niche_2,34
RAB30,"ADIPOQ,AHSP,AKR1C1,ANKRD28,ANKRD30A,BACE2,C1QA,C1QC,CCL20,CCL8,CD14,CD19,CD1C,CD79B,CD8B,CENPF,CTLA4,CTTN,CX3CR1,CXCL12,CXCL5,DAPK3,DERL3,DSP,ESR1,FAM107B,GNLY,GPR183,GZMK,IL3RA,ITGAM,ITGAX,KLRC1,KRT23,KRT5,KRT6B,KRT7","Endothelial,T_Cell_&_Tumor_Hybrid,CD4+_T_Cells,LAMP3+_DCs",,41
SVIL,"ADGRE5,ADH1B,AHSP,AKR1C3,ALDH1A3,ANGPT2,ANKRD30A,APOBEC3B,AQP1,BACE2,C15orf48,C1QA,C2orf42,C6orf132,CAVIN2,CCL20,CCL5,CCL8,CCPG1,CCR7","Invasive_Tumor,Macrophages_1,Stromal,CD8+_T_Cells,Endothelial,Prolif_Invasive_Tumor,LAMP3+_DCs,Myoepi_KRT15+",niche_2,29
PPARG,"ACTA2,ADH1B,AIF1,AKR1C3,ALDH1A3,APOBEC3A,APOC1,AQP3,BANK1,C1QA,C2orf42,CAV1,CCDC6,CCPG1,CD274,CD69,CD8B,CDH1,CENPF,CPA3,CRISPLD2,CXCL16,DERL3,DNAAF1","Stromal,DCIS_1,Mast_Cells,B_Cells,Perivascular-Like","niche_1,niche_2,niche_5",32
MNDA,"ABCC11,ACTG2,ADGRE5,ADH1B,ADIPOQ,ALDH1A3,ANKRD30A,APOBEC3A,BANK1,BTNL9,C1QC,CAV1,CCL5,CCND1,CCR7,CD163,CD86,CDC42EP1,CDH1,CLDN5,CLEC9A,CLECL1,CRISPLD2,CXCL12,CYTIP,DERL3,DNTTIP1,DSP,EGFL7,ENAH,ESR1,FCGR3A,DST","Unlabeled,Stromal,Myoepi_ACTA2+,T_Cell_&_Tumor_Hybrid,CD4+_T_Cells,Stromal_&_T_Cell_Hybrid,LAMP3+_DCs",,40
ALDH1A3,"ABCC11,ADGRE5,AHSP,ANGPT2,ANKRD28,ANKRD29,APOC1,AQP3,BANK1,C1QA,CCDC6,CCDC80,CCL8,CCND1,CCPG1,CD14,CD163,CD1C,CD247,CD68,CD80,CD8B,CD93,CDC42EP1,CEACAM8,CENPF,CLCA2,CLEC9A,CPA3,CTH,CTTN,CX3CR1,DST","Invasive_Tumor,DCIS_1,CD8+_T_Cells,Endothelial,Stromal_&_T_Cell_Hybrid,LAMP3+_DCs,IRF7+_DCs,Myoepi_KRT15+",niche_1,42
STC1,,,,0
DPT,"ACTA2,ACTG2,ADAM9,ADH1B,ADIPOQ,AGR3,AKR1C1,AKR1C3,ANGPT2,ANKRD29,ANKRD30A,APOBEC3B,AQP3,BASP1,C1QA,C1QC,C5orf46,CAV1,CAVIN2,CCDC6,CCL20,DST","DCIS_2,Macrophages_1,DCIS_1,Myoepi_ACTA2+,Endothelial,Prolif_Invasive_Tumor,Mast_Cells,IRF7+_DCs","niche_4,niche_5",32
CD27,"ABCC11,ACTG2,ADAM9,ADH1B,AGR3,AKR1C1,ANGPT2,ANKRD28,ANKRD30A,APOBEC3A,APOBEC3B,C1QA,C2orf42,C6orf132,CCDC80,CCL20,CCL8,CCR7,CD19,CD247,CD79A,CD83,CD8A,CD9,CD93,CEACAM8,CLIC6,CSF3,CTLA4,CTSG,CXCR4,CYTIP,DNAAF1,DNTTIP1,DUSP2","Unlabeled,Invasive_Tumor,Macrophages_1,Stromal,DCIS_1,Myoepi_ACTA2+,CD8+_T_Cells,B_Cells,Macrophages_2",niche_1,45
FCER1A,,,,0
CPA3,,,,0
UCP1,,,,0
CD3G,"ABCC11,ACTG2,ANGPT2,BACE2,CD14,CD3D,CD4,CD83,CD8A,CLDN5,CLEC9A,CXCL16,CXCR4,CYTIP,EDNRB,EGFL7,ELF5,FOXA1,GPR183,HOOK2,IGSF6,IL3RA,ITGAM","DCIS_2,Perivascular-Like,IRF7+_DCs",,26
PTPRC,"ACTG2,ADAM9,ADIPOQ,ANKRD29,APOBEC3B,AVPR1A,BASP1,BTNL9,C1QA,CAV1,CCL8,CCPG1,CD163,CD1C,CD247,CD274,CD3D,CD4,CD69,CD79A,CD79B,CD86,CD8A,CDC42EP1,CDH1,CEACAM6,CEACAM8,CLEC14A,CLECL1,CRHBP,CRISPLD2,CSF3,CXCL12,CXCL5,DAPK3,DST","Unlabeled,Stromal,Myoepi_ACTA2+,CD8+_T_Cells,Perivascular-Like,IRF7+_DCs",niche_4,43
OCIAD2,"ACTA2,ACTG2,ADGRE5,ADH1B,ANKRD30A,APOBEC3A,AQP3,BASP1,CAV1,CCND1,CD3D,CD83,CD8B,CDH1,CEACAM6,CLEC9A,CXCL12,DERL3,EPCAM,ERBB2,FCER1A,FCER1G,FCGR3A,FOXC2,FSTL3,IGF1,IGSF6,KRT23","Stromal,Prolif_Invasive_Tumor","niche_3,niche_4",32
ADAM9,"ABCC11,ACTG2,ADGRE5,AGR3,AHSP,ALDH1A3,ANKRD28,ANKRD29,APOBEC3A,AQP3,AR,BANK1,BASP1,C1QC,C6orf132,CCND1,CCPG1,CCR7,CD19,CD3D,CD3E","DCIS_2,Invasive_Tumor,Macrophages_1,Stromal,DCIS_1,Myoepi_ACTA2+,Prolif_Invasive_Tumor,B_Cells,LAMP3+_DCs,IRF7+_DCs","niche_1,niche_3,niche_4",34
PCLAF,"ADIPOQ,AGR3,AHSP,AIF1,APOC1,AR,BACE2,BASP1,BTNL9,C2orf42,CCL8,CCND1,CD19,CD247,CD3D,CD3E,CD69,CEACAM6,CENPF,CLEC9A,CLECL1,CTSG,DERL3,DMKN,DSC2,DUSP5","Prolif_Invasive_Tumor,LAMP3+_DCs","niche_2,niche_3",30
CD79A,,,,0
NCAM1,,,,0
TIMP4,,,,0
PRF1,,,,0
CLCA2,,,,0
SCGB2A1,,,,0
RUNX1,"ACTA2,ADGRE5,AGR3,AHSP,AIF1,AKR1C1,AKR1C3,ALDH1A3,AQP3,AR,C15orf48,C1QC,C5orf46,CCL8,CCR7,CD163,CD19,CD1C,CD247,CD68,CD79A,CD80,CD9,CD93,CDH1,CEACAM6,CENPF,CLCA2,CLDN4,CLIC6,CTLA4,CX3CR1,CXCL16,DST","DCIS_2,DCIS_1,Endothelial,Prolif_Invasive_Tumor,T_Cell_&_Tumor_Hybrid,Stromal_&_T_Cell_Hybrid,Myoepi_KRT15+","niche_2,niche_3",43
MMP1,,,,0
CX3CR1,,,,0
C1QA,"ACTA2,ACTG2,AIF1,ANKRD30A,C1QC,C2orf42,CAV1,CAVIN2,CCDC6,CCL20,CCND1,CD14,CD163,CD274,CD4,CD68,CD9,CD93,CDC42EP1,CEACAM6,CEACAM8","Unlabeled,Prolif_Invasive_Tumor,IRF7+_DCs",niche_5,25
ACTG2,"ACTA2,AHSP,AIF1,CAV1,CCDC80,CCL5,CCND1,CD163,CD274,CD86,CEACAM6,CENPF,CLEC14A,CLEC9A,CTSG,CTTN,CX3CR1,CYTIP,DAPK3,DPT,DUSP2,EDN1,ELF3,ERBB2,ERN1,ESM1,FAM107B,FAM49A,FCER1A,FSTL3,GJB2,GNLY,GZMA,HPX,IGF1,IL7R,ITM2C,JUP,KARS,KDR","Invasive_Tumor,Prolif_Invasive_Tumor,T_Cell_&_Tumor_Hybrid,LAMP3+_DCs","niche_1,niche_2,niche_3,niche_4",48
CD9,"ACTA2,ADGRE5,AHSP,AKR1C3,ALDH1A3,ANGPT2,ANKRD30A,AVPR1A,BACE2,C1QA,C1QC,C6orf132,CAVIN2,CCDC6,CCDC80,CCL5,CCL8,CCND1,CCPG1,CD19,CD3G,CD80,CD83,DST","Unlabeled,DCIS_1,Myoepi_ACTA2+,CD8+_T_Cells,Endothelial,Prolif_Invasive_Tumor,B_Cells",niche_3,32
RORC,,,,0
CRHBP,,,,0
FCER1G,"CAV1,CCL8,CD9,CDC42EP1,CEACAM6,CLEC14A,FASN,FBLIM1,FLNB,GATA3,HPX,LAG3,LPL,LRRC15,MLPH,MYO5B,PDCD1LG2,PGR,QARS,SEC24A,SLAMF1,SMS,TAC1","DCIS_2,CD4+_T_Cells,LAMP3+_DCs",,26
NOSTRIN,"ADGRE5,ADIPOQ,AHSP,AIF1,AKR1C1,AKR1C3,ANGPT2,ANKRD28,ANKRD30A,APOBEC3B,APOC1,AR,BASP1,BTNL9,C1QA,C1QC,C5orf46,CAV1,CCL20,CCL8,CCND1,CCPG1,CD1C,CD247,CD27,CD3G,CD79B,CD80,CEACAM6,CENPF,CLDN5,CLEC14A,CLECL1,CLIC6","DCIS_2,Unlabeled,Macrophages_1,Myoepi_ACTA2+,Prolif_Invasive_Tumor,T_Cell_&_Tumor_Hybrid,Mast_Cells,Perivascular-Like,LAMP3+_DCs,Myoepi_KRT15+","niche_1,niche_2",46
SNAI1,,,,0
CCL8,,,,0
ITM2C,"AGR3,AIF1,ANKRD29,APOBEC3A,CCPG1,CD3E,CD8A,CLEC14A,CYP1A1,EDNRB,ESM1,GLIPR1,KLRC1,KRT5,KRT7,LGALSL,LUM,MMP2,NCAM1,NPM3,PDE4A,PDK4,PLD4,PPARG,S100A4",DCIS_1,,26
APOBEC3B,"ACTA2,ADGRE5,AIF1,AKR1C1,ANKRD30A,AQP1,AQP3,AR,BACE2,BANK1,C1QC,C5orf46,CAVIN2,CCDC80,CCL8,CD247,CD27,CD274,CD3D,CD3E,CD4,CD68,CD69,CD83,CD86,DST","DCIS_2,Myoepi_ACTA2+,CD8+_T_Cells,Mast_Cells,Macrophages_2,Myoepi_KRT15+",niche_2,33
GZMA,"ABCC11,ADH1B,ANKRD28,APOBEC3A,AQP1,AQP3,C15orf48,C1QC,C2orf42,C5orf46,CCR7,CD3D,CD68,CD80,CD83,CD93,CENPF,CLDN5,CLEC14A,CLECL1,CLIC6,CXCL5,CYTIP,DMKN,DNTTIP1,DSP,EPCAM,FASN,FBLN1,FOXP3,GATA3,DST","Macrophages_1,Myoepi_ACTA2+,LAMP3+_DCs,Myoepi_KRT15+",,36
KRT23,,,,0
TCEAL7,,,,0
PDGFRB,"ACTA2,ACTG2,ADAM9,AHSP,AIF1,AKR1C1,ALDH1A3,ANKRD29,APOBEC3B,AQP3,AVPR1A,BACE2,BANK1,C5orf46,C6orf132,CAV1,CCDC6,CCPG1,CD163,CD274,CD3G,CD4,CD68,CD69","Endothelial,T_Cell_&_Tumor_Hybrid,Mast_Cells,CD4+_T_Cells,Perivascular-Like,IRF7+_DCs,Myoepi_KRT15+","niche_3,niche_4,niche_5",34
LPXN,"ADIPOQ,CCL20,CD247,CD86,CSF3,CXCL12,DAPK3,DMKN,EDN1,ELF3,FOXA1,FOXP3,GZMA,HDC,KARS,KLRF1,LARS,LIF,LPL,MMP12,MYLK,NARS,PDCD1,POSTN,THAP2,TIGIT,USP53",IRF7+_DCs,niche_2,29
RAPGEF3,,,,0
RTKN2,"ABCC11,ACTA2,ADGRE5,ADH1B,AGR3,AKR1C3,ANGPT2,ANKRD28,ANKRD30A,AR,C1QC,C6orf132,CAVIN2,CCDC80,CCL5,CCL8,CCPG1,CD1C,CD247,CD3E,CD3G,CD4,CD79B,CD86,CD9,CDC42EP1,CLEC14A,CLEC9A,CLECL1,CPA3,CRHBP,CRISPLD2,CSF3,CTLA4,CTTN,CX3CR1,CYP1A1,DMKN,DNAAF1,DPT","Unlabeled,Endothelial,Perivascular-Like,LAMP3+_DCs","niche_2,niche_3,niche_5",47
SLAMF7,"ACTG2,ADH1B,AHSP,AKR1C3,AQP1,BANK1,C2orf42,CAVIN2,CCL20,CCL8,CD163,CD19,CD4,CD83,CDC42EP1,CLDN4,CLDN5,CLEC14A,CLEC9A,CSF3,CX3CR1,CXCL16,CXCL5,DAPK3,DSC2,EDN1,EGFL7,ELF5","DCIS_1,Endothelial,Macrophages_2,IRF7+_DCs",niche_4,33
TACSTD2,"ADAM9,ADH1B,ADIPOQ,AHSP,ALDH1A3,ANKRD28,APOBEC3A,APOBEC3B,APOC1,AQP1,AR,AVPR1A,BACE2,BASP1,C2orf42,CAVIN2,CCL20,CCND1,CD14,CD274,CD3E,CD8B,CDH1,CEACAM6,CEACAM8,CLDN5,CLECL1,CPA3,CSF3,CTH,CTLA4,CXCL5,CXCR4,DNAAF1","Stromal,Mast_Cells,Macrophages_2,Stromal_&_T_Cell_Hybrid,Perivascular-Like,IRF7+_DCs","niche_1,niche_3,niche_4",43
KRT15,"ADGRE5,ADH1B,AGR3,AKR1C1,APOC1,AQP1,BASP1,C2orf42,CCL5,CCL8,CCND1,CCPG1,CCR7,CD163,CD1C,CD247,CD3E,CD3G,CD69,CD79A,CD80,CD8B,CDC42EP1,CEACAM6,CLDN4,CPA3,CTLA4,CTTN,CXCL16,DUSP2","DCIS_2,Invasive_Tumor,Prolif_Invasive_Tumor,T_Cell_&_Tumor_Hybrid,IRF7+_DCs",,35
CXCL16,"ADAM9,AHSP,AKR1C1,CCDC80,CCL20,CCL5,CD19,CD3G,CD68,CD80,CD9,CPA3,CTLA4,CTSG,CTTN,CXCL12,DMKN,EGFL7,EPCAM,ERBB2,ERN1,FBLIM1","Unlabeled,Myoepi_ACTA2+",,24
NPM3,,,,0
EDNRB,"ACTA2,ADGRE5,ALDH1A3,ANKRD28,ANKRD30A,APOBEC3A,AQP1,AQP3,AR,AVPR1A,BACE2,C1QC,C2orf42,CAV1,CCDC6,CCDC80,CCL5,CCL8,CCND1,CCPG1,CCR7,CD163,CD3D,CD3E,CD4,CEACAM6,DST","Invasive_Tumor,DCIS_1,Prolif_Invasive_Tumor,T_Cell_&_Tumor_Hybrid,CD4+_T_Cells,LAMP3+_DCs","niche_2,niche_4",35
TPSAB1,,,,0
CSF3,,,,0
LYPD3,"ABCC11,ACTA2,ACTG2,ADAM9,ADH1B,AKR1C3,ANKRD29,AR,BASP1,BTNL9,C1QA,C1QC,C5orf46,CCL5,CCL8,CCND1,CD163,CD19,CD247,CD3G,CD68,CD79B,CD80,CD93,CDH1","Unlabeled,Macrophages_1,Stromal,DCIS_1,T_Cell_&_Tumor_Hybrid,Perivascular-Like","niche_3,niche_4,niche_5",34
EPCAM,"ANKRD28,ANKRD29,APOBEC3A,AQP1,C6orf132,CCL20,CCND1,CD3G,CD68,CD79B,CD80,CD86,CD9,CEACAM6,CEACAM8,CLCA2,CLEC9A,CPA3,CRISPLD2,CTLA4,CTTN,CXCL5,CXCR4,EDN1,ELF3,ERBB2,ERN1,ESR1,FAM107B","Unlabeled,Invasive_Tumor,Myoepi_ACTA2+,CD8+_T_Cells,CD4+_T_Cells","niche_3,niche_5",36
PTGDS,"ACTG2,ADH1B,ANKRD30A,C1QA,CCDC80,CCPG1,CD3E,CD4,CD68,CEACAM6,CENPF,CLCA2,CRISPLD2,CTLA4,CXCL12,CXCR4,DAPK3,ERBB2,FASN,FBLN1,FLNB,FOXP3,GNLY,GPR183,HMGA1,ITM2C,KLF5,KLRB1","Invasive_Tumor,T_Cell_&_Tumor_Hybrid,Myoepi_KRT15+",,31
CEACAM6,"ABCC11,ACTA2,AGR3,AKR1C3,ANKRD28,ANKRD30A,CCND1,CCPG1,CD19,CD3E,CD9,CDH1,CLDN4,CLEC14A,CRHBP,CTTN,CX3CR1,DSP,ELF3,ENAH,EPCAM,ERBB2,FOXA1,GATA3,GJB2,GNLY,GZMB,HOXD9,IGF1,ITGAX,JUP,KARS,KRT5,DST",IRF7+_DCs,"niche_2,niche_4,niche_5",38
AR,"ANGPT2,ANKRD29,ANKRD30A,APOC1,C15orf48,CCL8,CDH1,CEACAM6,CRHBP,CTH,CTTN,CX3CR1,CXCL16,DUSP2,EDNRB,EPCAM,ERBB2,FCER1G,FCGR3A,FOXA1,GATA3,GPR183,GZMB,HOOK2,HOXD8,IL7R,KIT,KLRD1,DST","Macrophages_1,Stromal,Prolif_Invasive_Tumor,Mast_Cells,B_Cells,IRF7+_DCs",,35
PTN,"ADAM9,ADH1B,AIF1,ANGPT2,ANKRD29,APOBEC3A,AQP1,AR,BASP1,C1QC,C6orf132,CAVIN2,CCDC6,CCDC80,CCND1,CCR7,CD163,CD1C,CD247,CD274,CD4,CD79B,CD80,CD9,CDH1,CEACAM6,CLCA2,CLEC14A,CTSG,DST","Unlabeled,Invasive_Tumor,Prolif_Invasive_Tumor,T_Cell_&_Tumor_Hybrid,B_Cells,Myoepi_KRT15+",niche_1,37
S100A8,,,,0
AKR1C1,"ACTA2,ADAM9,AGR3,AHSP,ALDH1A3,ANGPT2,APOC1,AQP1,AVPR1A,BACE2,BANK1,BASP1,C1QC,CAV1,CAVIN2,CCR7,CD163,CD27,CD274,CD3D,CD69,CD83,CD86,CD8A,CDH1,CEACAM6,CLCA2,CLDN4,CRISPLD2,CSF3,CTSG,CTTN,CX3CR1,CXCR4,DAPK3,DNTTIP1,DPT,DSC2,DST","DCIS_2,CD8+_T_Cells,Endothelial,T_Cell_&_Tumor_Hybrid,Macrophages_2,Stromal_&_T_Cell_Hybrid,Perivascular-Like","niche_1,niche_2,niche_5",49
PELI1,"ADAM9,ADGRE5,ADH1B,ADIPOQ,AHSP,AIF1,ANGPT2,ANKRD28,ANKRD29,APOBEC3B,AR,AVPR1A,BTNL9,C15orf48,C1QA,C6orf132,CAV1,CCDC6,CCL20,CCL5,CCND1,CCPG1,CCR7,CD14","DCIS_2,Myoepi_ACTA2+,CD8+_T_Cells,Mast_Cells,CD4+_T_Cells,Macrophages_2,Perivascular-Like,LAMP3+_DCs,IRF7+_DCs,Myoepi_KRT15+","niche_2,niche_3,niche_4",37
CEACAM8,,,,0
SQLE,"ACTG2,ANGPT2,AQP1,C1QC,CAVIN2,CCDC6,CCND1,CCPG1,CD1C,CD3G,CD4,CD68,CD79A,CD93,CDH1,CEACAM6,CENPF,CLEC9A,CTSG,CXCL16,EDN1,EGFL7,EGFR,ERBB2,FOXA1,FOXC2,GZMK,IL7R,ITGAX","Invasive_Tumor,Prolif_Invasive_Tumor","niche_1,niche_2,niche_3",34
SLAMF1,"ACTA2,ADH1B,AIF1,APOC1,AQP1,AVPR1A,C6orf132,CAVIN2,CCND1,CCPG1,CD3D,CD3E,CD3G,CEACAM6,CLECL1,CRISPLD2,CYTIP,EDN1,EGFR,ELF3,ENAH,ERBB2,FAM107B,FBLIM1,FOXA1,FSTL3,GATA3","DCIS_2,Macrophages_1,CD4+_T_Cells,Stromal_&_T_Cell_Hybrid,Perivascular-Like,LAMP3+_DCs","niche_1,niche_3",35
KRT14,"ABCC11,AKR1C3,KRT16,AQP1,AR,AVPR1A,BACE2,BANK1,C2orf42,C5orf46,CCL20,CCL8,CD163,CD3D,CD3G,CD80,CD83,CD8B,CDC42EP1,CEACAM8,CLEC14A,CLECL1,CRISPLD2,CXCL16,CYP1A1,CYTIP,DNAAF1,ENAH,ESM1","Stromal,Invasive_Tumor,CD4+_T_Cells","niche_3,niche_5",34
FCGR3A,"AKR1C3,ALDH1A3,ANGPT2,ANKRD30A,APOBEC3B,APOC1,BACE2,C5orf46,C6orf132,CCDC6,CCR7,CD3D,CD4,CD8A,CD9,CEACAM8,CLDN4,CLEC14A,CPA3,CTLA4","DCIS_2,Unlabeled,Stromal,Prolif_Invasive_Tumor,CD4+_T_Cells,B_Cells,Stromal_&_T_Cell_Hybrid","niche_3,niche_4,niche_5",30
FOXA1,"ADIPOQ,AHSP,ANGPT2,ANKRD30A,APOBEC3B,AQP3,BACE2,C2orf42,CAV1,CAVIN2,CCDC6,CCDC80,CCL5,CCPG1,CCR7,CD14,CD247,CD4,CD69,CD79A,CD79B,CLDN4,CLDN5,CLECL1","CD8+_T_Cells,Endothelial,T_Cell_&_Tumor_Hybrid,Mast_Cells,CD4+_T_Cells,IRF7+_DCs,Myoepi_KRT15+",niche_2,32
MKI67,"ADGRE5,AGR3,AHSP,AKR1C3,ALDH1A3,ANKRD28,AQP1,AQP3,BTNL9,C2orf42,C6orf132,CCDC6,CCDC80,CCR7,CD14,CD163,CD19,CD27,CD68,CD80,CD86,CD8B,CD9,CDC42EP1,CDH1,CEACAM8,CLDN4,CLEC14A,CLECL1,CLIC6,CRHBP,CRISPLD2,CTH,CXCL12,CXCL5","DCIS_2,Stromal,Myoepi_ACTA2+,Mast_Cells,B_Cells","niche_1,niche_2",42
SLC5A6,"ADH1B,AGR3,APOBEC3B,C6orf132,CAVIN2,CD69,CD83,CD9,CENPF,CPA3,CTTN,CXCL12,DERL3,FBLIM1,FCER1A,GATA3,HMGA1,HOXD9,IL3RA,KLRB1,KLRC1,LGALSL","DCIS_1,LAMP3+_DCs",,24
ERBB2,"AKR1C3,ANKRD30A,AQP3,BASP1,CCDC6,CCDC80,CCND1,CD68,CDH1,CEACAM6,CTLA4,CTTN,EPCAM,FASN,FOXA1,GATA3,KRT16,KRT7,KRT8,LAG3,LUM,MDM2,MEDAG,PCOLCE,PDCD1,POLR2J3",DCIS_2,"niche_1,niche_2",29
CCND1,"ANKRD30A,AQP3,AR,BANK1,CAVIN2,CCDC6,CD4,CD9,CDH1,CEACAM6,CTSG,CTTN,DSP,ENAH,EPCAM,ERBB2,FAM49A,FCER1G,FOXA1,FOXP3,DST",Invasive_Tumor,,22
GPR183,"CD3G,CD68,ELF3,ESR1,FASN,FCGR3A,GZMA,GZMK,HPX,IL3RA,KRT6B,MKI67,MZB1,NPM3,QARS,RORC,S100A14,TCIM,TCL1A,TOP2A",T_Cell_&_Tumor_Hybrid,niche_2,22
OPRPN,,,,0
SFRP4,"AKR1C1,AQP3,BACE2,CDH1,CLDN5,CTSG,EDNRB,ESR1,FAM107B,FLNB,FSTL3,GPR183,GZMB,IL2RA,KRT14,KRT15,LIF,LUM,PCOLCE,RAPGEF3,SMS,DST","Stromal_&_T_Cell_Hybrid,Perivascular-Like",,24
KLRB1,"ANKRD30A,BTNL9,C15orf48,CCDC6,CCPG1,CDC42EP1,CDH1,CLECL1,CRHBP,CXCL5,DMKN,EGFL7,FAM49A,FASN,HDC,HOXD8,IGF1,KLRD1,KRT16,LDHB,LIF,LY86,MLPH","Stromal,Endothelial,Perivascular-Like,LAMP3+_DCs","niche_3,niche_5",29
AQP3,"AHSP,ANKRD30A,APOBEC3A,APOBEC3B,BANK1,C1QA,CCDC6,CCL20,CCL5,CD1C,CD69,CD8B,CD93,CEACAM6,CLCA2,CTTN,CXCL5,CYTIP,EDN1,ELF5,EPCAM,ERBB2,FASN,FBLIM1,FOXA1,GATA3,GJB2,GPR183,GZMK,HOOK2","Unlabeled,Macrophages_2",,32
MMRN2,"ADGRE5,ADIPOQ,AHSP,AKR1C3,ALDH1A3,ANKRD28,ANKRD29,APOBEC3B,AQP3,BACE2,BTNL9,C15orf48,C1QC,C2orf42,C5orf46,C6orf132,CAV1,CCDC80,CCL5,CCL8,CCPG1,CD14,CD1C,CD27,CD3G,CD4,CD79A,CD9,CEACAM6,CENPF,CLCA2,CLEC14A,CLEC9A,CPA3,CRHBP","Invasive_Tumor,Stromal,Myoepi_ACTA2+,T_Cell_&_Tumor_Hybrid,Mast_Cells,Macrophages_2,LAMP3+_DCs,IRF7+_DCs","niche_1,niche_5",45
TRAF4,"APOBEC3A,C1QA,C6orf132,CCR7,CD3D,CD69,CD79A,CD9,CPA3,CTSG,CXCL16,DNAAF1,DNTTIP1,EGFR,FASN,FLNB,GATA3,GZMA,GZMB,HAVCR2,HOXD8,KRT7,LTB,MPO,MYO5B,OCIAD2,PDE4A,PDGFRA,PDK4,PTRHD1,RAMP2,RORC,SEC11C,SERHL2,STC1,TFAP2A,TMEM147,TRAPPC3","Stromal,CD4+_T_Cells,Perivascular-Like,LAMP3+_DCs",niche_3,43
CDH1,"ACTA2,ADAM9,ADIPOQ,AGR3,AIF1,ALDH1A3,ANKRD30A,APOBEC3B,APOC1,AR,AVPR1A,BTNL9,C1QA,C2orf42,C6orf132,CAVIN2,CCL20,CCND1,CCPG1,CD19,CD247,CD3E,CD3G,CD4,CD68,CD79A,DST","Stromal,DCIS_1,Endothelial,Stromal_&_T_Cell_Hybrid",niche_3,32
CD274,,,,0
ZEB2,"ABCC11,ACTA2,ACTG2,ADAM9,ADGRE5,ADH1B,ADIPOQ,AGR3,AHSP,AIF1,AKR1C1,AKR1C3,ALDH1A3,ANGPT2,ANKRD28,ANKRD29,ANKRD30A,APOBEC3A,APOBEC3B,APOC1,AQP1,AQP3,AR,AVPR1A,DST","DCIS_2,Unlabeled,Invasive_Tumor,Macrophages_1,Stromal,DCIS_1,Myoepi_ACTA2+,CD8+_T_Cells,Endothelial,Prolif_Invasive_Tumor,T_Cell_&_Tumor_Hybrid,Mast_Cells,CD4+_T_Cells,B_Cells,Macrophages_2,Stromal_&_T_Cell_Hybrid,Perivascular-Like,LAMP3+_DCs,IRF7+_DCs,Myoepi_KRT15+","niche_1,niche_2,niche_3,niche_4,niche_5",50
C6orf132,"ABCC11,ACTG2,ADGRE5,ADIPOQ,AIF1,ALDH1A3,ANGPT2,ANKRD28,ANKRD29,ANKRD30A,AR,BANK1,BASP1,BTNL9,C1QA,C2orf42,CAV1,CAVIN2,CCDC6,CCL20,CCL5,CCL8,CCPG1","DCIS_2,Unlabeled,Invasive_Tumor,Myoepi_ACTA2+,CD8+_T_Cells,Endothelial,Stromal_&_T_Cell_Hybrid,IRF7+_DCs,Myoepi_KRT15+","niche_1,niche_5",34
CAV1,"ABCC11,ACTA2,ACTG2,ADAM9,ADGRE5,ADH1B,ADIPOQ,AKR1C1,ANKRD29,AQP1,CCDC6,CCDC80,CCL8,CCND1,CD1C,CD79B,CD83,CD93,CEACAM6,CENPF,CTLA4,CX3CR1,CXCL12,CYTIP,DST","Endothelial,CD4+_T_Cells,Stromal_&_T_Cell_Hybrid",,28
HAVCR2,"ACTA2,ACTG2,AGR3,ANGPT2,APOBEC3A,AQP1,AR,CCDC6,CCDC80,CD163,CD19,CD247,CD3D,CD69,CD79B,CD80,CD8A,CDH1,CEACAM6,CLCA2,CLEC9A,CLIC6,CX3CR1,CXCR4,CYTIP,DNAAF1,DPT,DSP,EGFR,ERBB2,FAM49A,FASN,FBLN1,FCER1A,FOXA1,FOXC2,GLIPR1,GPR183,HMGA1,HOOK2","Unlabeled,Macrophages_1,Myoepi_ACTA2+,Endothelial,Stromal_&_T_Cell_Hybrid","niche_1,niche_5",47
IGF1,"ABCC11,APOC1,C1QA,CCDC6,CCPG1,CD27,CD3D,CD83,CD86,CLCA2,CLEC9A,CRISPLD2,DPT,FOXC2,HOXD9,KRT14,KRT23,LGALSL,LTB,MRC1,MZB1,NKG7,PDCD1LG2,PDE4A,PDGFRB,POSTN,QARS,RAPGEF3,S100A14,SMS,SOX17",,,31
TOP2A,"ABCC11,ADIPOQ,AHSP,AIF1,ANKRD29,APOBEC3B,AR,BACE2,C1QC,C2orf42,CCDC80,CCL8,CCPG1,CD163,CD19,CD27,CD274,CD3D,CD3G,CD68,CD79A,CD79B,CD8A,CDC42EP1,CEACAM6,CEACAM8,CENPF,CLCA2,CLEC14A,CRHBP,CRISPLD2,DAPK3,DNAAF1,DNTTIP1,DSP,DUSP2,EDN1,ELF5,ERBB2","Invasive_Tumor,T_Cell_&_Tumor_Hybrid,Mast_Cells,CD4+_T_Cells,IRF7+_DCs,Myoepi_KRT15+","niche_1,niche_3",47
HOXD9,,,,0
KRT6B,"ABCC11,ACTG2,ADAM9,ADGRE5,ADH1B,AGR3,AKR1C1,AKR1C3,ANKRD28,ANKRD30A,APOC1,AQP1,AQP3,AVPR1A,BANK1,BTNL9,C1QA,C1QC,CCDC6,CCDC80,CCPG1,CD14,CD163,CD19,CD1C,CD27,CD3D,CD68,DST","DCIS_2,Unlabeled,Invasive_Tumor,CD8+_T_Cells,Endothelial,Prolif_Invasive_Tumor,T_Cell_&_Tumor_Hybrid,Mast_Cells,B_Cells,Macrophages_2,Stromal_&_T_Cell_Hybrid,LAMP3+_DCs,IRF7+_DCs,Myoepi_KRT15+","niche_1,niche_3,niche_4,niche_5",47
DSC2,"ABCC11,ACTG2,ADAM9,ADGRE5,ADH1B,ADIPOQ,AGR3,AKR1C1,APOBEC3B,AQP1,AR,BACE2,BASP1,C15orf48,C1QA,C1QC,C2orf42,C5orf46,CAVIN2,CCL20,CCL8,CCPG1,CD14,CD163","DCIS_2,Unlabeled,Invasive_Tumor,Stromal,Endothelial,Macrophages_2,Perivascular-Like,Myoepi_KRT15+","niche_1,niche_4,niche_5",35
KLRF1,,,,0
FSTL3,"AKR1C1,APOC1,AQP1,AVPR1A,BANK1,C15orf48,C2orf42,C5orf46,C6orf132,CAV1,CAVIN2,CCDC6,CCL20,CCR7,CD274,CD68,CDC42EP1,CEACAM6,CRHBP,CRISPLD2,CSF3,CTTN","DCIS_2,Invasive_Tumor,Prolif_Invasive_Tumor,T_Cell_&_Tumor_Hybrid,CD4+_T_Cells,Macrophages_2,IRF7+_DCs,Myoepi_KRT15+","niche_1,niche_3",32
TENT5C,"ABCC11,ACTG2,AGR3,AHSP,BANK1,C5orf46,CAVIN2,CD14,CD163,CD1C,CD27,CD79A,CD93,CDH1,CEACAM6,CEACAM8,CLDN5,CRHBP,CSF3,CYP1A1,DPT",DCIS_1,,22
TYROBP,"ABCC11,ACTA2,ADAM9,ADGRE5,ANKRD28,APOBEC3A,APOC1,AR,AVPR1A,BACE2,BANK1,BTNL9,C15orf48,C1QA,C2orf42,CAVIN2,CCDC6,CCDC80,CCL20,CD14","DCIS_2,T_Cell_&_Tumor_Hybrid,CD4+_T_Cells,B_Cells,Stromal_&_T_Cell_Hybrid","niche_1,niche_2,niche_4,niche_5",29
LARS,"ADGRE5,AIF1,ANKRD29,ANKRD30A,APOBEC3A,APOBEC3B,AQP3,C1QC,C2orf42,C5orf46,CAV1,CCL20,CCL8,CCPG1,CD1C,CD247,CD4,CD68,CD79B,CD80,CD83,CD86,CD9,CEACAM6,CLEC9A,CTH,CTLA4,CTSG,DST","CD8+_T_Cells,CD4+_T_Cells,B_Cells","niche_1,niche_4,niche_5",35
CLEC14A,"ACTA2,ACTG2,ADIPOQ,AGR3,AKR1C1,AKR1C3,ALDH1A3,APOBEC3A,APOC1,C6orf132,CAV1,CCPG1,CD69,CD83,CD86,CD93,CDH1,CEACAM8,CLCA2,CLDN4,CRHBP,CTH,CTLA4,CXCL5,DNAAF1,DNTTIP1,EDN1,EGFL7","DCIS_1,Myoepi_ACTA2+,CD8+_T_Cells,T_Cell_&_Tumor_Hybrid,CD4+_T_Cells,B_Cells,Perivascular-Like","niche_1,niche_5",37
ANKRD30A,"ABCC11,ADIPOQ,AR,C2orf42,C6orf132,CCDC6,CCL20,CCL5,CCND1,CD19,CD69,CD8A,CD93,CEACAM6,CLEC9A,CLECL1,CRISPLD2,CTLA4,CTSG,CTTN,CXCL5,CYTIP,DNAAF1,DNTTIP1,EDN1,EGFL7,EIF4EBP1,EPCAM,ERBB2,ESM1","Unlabeled,Myoepi_ACTA2+,B_Cells",niche_5,34
TIGIT,,,,0
CENPF,"ADAM9,AHSP,AKR1C1,ANGPT2,APOC1,BASP1,C1QA,C5orf46,C6orf132,CCND1,CCPG1,CCR7,CD247,CD27,CD3E,CD83,CD8A,CD9,CD93,CDC42EP1,CDH1,CEACAM6,CLDN4,CLDN5,CLEC9A,CRHBP,CTSG","Unlabeled,Invasive_Tumor,Endothelial,Perivascular-Like,LAMP3+_DCs","niche_2,niche_3",34
CCDC6,"ACTA2,ADAM9,ADGRE5,APOBEC3A,AQP1,AQP3,BASP1,C15orf48,C1QA,CCDC80,CCL5,CCL8,CD14,CD163,CD19,CD27,CD274,CD3D,CD3G,CD69,CDC42EP1,CDH1,CEACAM6,CEACAM8,CLCA2,CLIC6","DCIS_2,Unlabeled,Invasive_Tumor,DCIS_1,Myoepi_ACTA2+,T_Cell_&_Tumor_Hybrid,Mast_Cells","niche_4,niche_5",35
KRT5,"ADAM9,ADIPOQ,ANGPT2,ANKRD28,AVPR1A,BASP1,C15orf48,C1QC,C6orf132,CAV1,CCL5,CCR7,CD163,CD3E,CD3G,CD68,CD79B,CD80,CD9,CDC42EP1,CDH1,CEACAM8,CENPF,CLDN5,CLEC14A,CTLA4,CTSG,CXCL16,CYTIP,DPT,EDN1,EDNRB,ENAH","Unlabeled,Endothelial,Prolif_Invasive_Tumor,B_Cells,Perivascular-Like,LAMP3+_DCs",niche_3,40
SCD,"ADAM9,ADIPOQ,AIF1,ALDH1A3,ANKRD29,APOBEC3A,AQP1,AQP3,BANK1,BASP1,C15orf48,CAVIN2,CCND1,CCPG1,CD1C,CD27,CD69,CD79B,CD83,CD86","Mast_Cells,CD4+_T_Cells,B_Cells,LAMP3+_DCs","niche_2,niche_3,niche_5",27
HDC,"ABCC11,ACTA2,BANK1,CCDC80,CCL5,CCR7,CD69,CDC42EP1,CLCA2,CLECL1,CXCL5,DMKN,DNAAF1,DNTTIP1,DSC2,DUSP5,EDN1,EGFL7,ESM1,FBLIM1,FCER1A","Macrophages_1,CD4+_T_Cells,LAMP3+_DCs,Myoepi_KRT15+",,25
CXCR4,"ADGRE5,ADH1B,AGR3,AHSP,ANKRD29,AR,BANK1,C5orf46,CCDC6,CCDC80,CCL20,CCL8,CCND1,CCR7,CD19,CD1C,CD274,CD3E,CD4,CD68,CD86,CD9,CD93,CEACAM8,CENPF,CLEC14A,CLECL1,DST","DCIS_1,Myoepi_ACTA2+,Endothelial,Prolif_Invasive_Tumor,Mast_Cells,Macrophages_2,Perivascular-Like,LAMP3+_DCs,Myoepi_KRT15+",niche_5,38
FOXC2,,,,0
MAP3K8,"AQP3,C1QA,CCDC80,CCL5,CCPG1,CD247,CD3D,CD69,CD79A,CD80,CD8A,CD8B,CDC42EP1,CLDN4,CLEC14A,CTLA4,CXCL12,CXCL16,DAPK3,DNTTIP1,DUSP2,EDNRB,ERBB2,ESM1,FBLIM1,FOXA1,GNLY,GZMK,HDC,KLRC1,KRT5","Unlabeled,T_Cell_&_Tumor_Hybrid,Mast_Cells,Macrophages_2,Perivascular-Like",niche_4,37
ERN1,"AIF1,AQP3,AR,BANK1,C2orf42,C6orf132,CD3D,CD79B,CDC42EP1,CEACAM8,CLCA2,CTLA4,CXCL5,DPT,ENAH,FAM49A,FCGR3A,FOXC2,FOXP3,HAVCR2,HMGA1,KARS,KIT,KRT16,KRT5,LARS,LPL,LUM,LYPD3,MYLK,PTGDS",Stromal_&_T_Cell_Hybrid,,32
HOXD8,"ACTG2,AIF1,AKR1C1,AKR1C3,ALDH1A3,BASP1,C1QC,C5orf46,CAV1,CCND1,CCPG1,CD163,CD19,CD79A,CD8A,CLEC9A,CLIC6,CRISPLD2,CXCL5,CYP1A1,DNAAF1,EGFR,EIF4EBP1,EPCAM,ESM1,FBLIM1,GJB2","T_Cell_&_Tumor_Hybrid,Mast_Cells,CD4+_T_Cells,Perivascular-Like,Myoepi_KRT15+",niche_4,33
TRIB1,"ADAM9,AGR3,AHSP,ANGPT2,C1QA,C5orf46,CCDC6,CCL20,CCPG1,CD14,CD1C,CD27,CD69,CD79A,CD80,CD86,CDC42EP1,CLECL1,CPA3,CTH,CTSG,CYTIP,DAPK3,DMKN,DNAAF1,DSC2,EDNRB,EGFR,ELF5,ENAH,FBLN1,FCGR3A,FOXC2,DST","Unlabeled,Endothelial,T_Cell_&_Tumor_Hybrid,Perivascular-Like","niche_2,niche_3,niche_4",41
GATA3,"ACTA2,ADIPOQ,ANKRD28,BACE2,BANK1,BASP1,CAV1,CAVIN2,CCND1,CCR7,CD19,CD27,CD274,CD3G,CD83,CD86,CD8A,CEACAM6,CXCL5,DMKN,DPT,DSP,DUSP5,EGFR,EIF4EBP1,EPCAM,ERBB2,ESR1,FAM107B,FBLIM1,FBLN1,FCER1A,FOXA1,GLIPR1,GZMA,GZMB,HMGA1,HOXD9,IGSF6,IL2RA,DST","Unlabeled,Myoepi_ACTA2+,Endothelial,B_Cells,LAMP3+_DCs,IRF7+_DCs,Myoepi_KRT15+","niche_2,niche_4",50
PTRHD1,"ACTG2,ANKRD30A,BASP1,CCND1,CD14,CD19,CD8B,CEACAM8,CLDN4,CRHBP,CX3CR1,CYP1A1,DUSP2,EPCAM,ERBB2,FAM49A,FASN,FOXP3,FSTL3,GNLY,GZMB,HDC,IGSF6,IL3RA,KIT,KLRC1,KRT5,KRT8,LIF,LPXN,LRRC15,DST","Invasive_Tumor,Myoepi_ACTA2+,B_Cells,IRF7+_DCs,Myoepi_KRT15+",niche_3,38
BANK1,"ADH1B,ADIPOQ,AGR3,ALDH1A3,ANKRD29,ANKRD30A,APOC1,AVPR1A,C15orf48,C1QC,C2orf42,CAV1,CCDC6,CCDC80,CCL5,CD19,CD1C,CD27,CD274,CD3D,CD4,CD68,CD8A,CD9,CD93","DCIS_2,Unlabeled,DCIS_1,Myoepi_ACTA2+,Endothelial,LAMP3+_DCs,IRF7+_DCs,Myoepi_KRT15+","niche_3,niche_4",35
DAPK3,,,,0
CLIC6,,,,0
TCIM,"ADAM9,ANGPT2,ANKRD29,ANKRD30A,APOBEC3B,AVPR1A,BASP1,C2orf42,C5orf46,C6orf132,CCDC6,CCL20,CCR7,CD19,CD27,CD274,CD3D,CD3E,CD80,CD83,CD8B,CEACAM6,CENPF,CLDN4,CLDN5,CLECL1,CRHBP","Unlabeled,Invasive_Tumor,Macrophages_1,Stromal,Myoepi_ACTA2+,Prolif_Invasive_Tumor,Mast_Cells",,34
DSP,"ACTA2,ACTG2,ADGRE5,ADH1B,AKR1C1,ANKRD28,ANKRD29,APOBEC3B,AR,AVPR1A,BACE2,BANK1,C1QA,C1QC,CAVIN2,CCDC6,CCDC80,CCL5,CD19,CD247,CD3G,CD69,CD79A,CD86,CEACAM6","Myoepi_ACTA2+,T_Cell_&_Tumor_Hybrid,Mast_Cells,Stromal_&_T_Cell_Hybrid,IRF7+_DCs,Myoepi_KRT15+","niche_2,niche_5",33
MDM2,"ACTG2,AHSP,ANGPT2,ANKRD28,APOC1,CAVIN2,CCR7,CD1C,CD68,CD79B,CD8B,CDH1,CEACAM8,CLEC14A,CLEC9A,CTH,CTSG,CXCR4,DAPK3,DMKN","DCIS_1,Myoepi_ACTA2+,T_Cell_&_Tumor_Hybrid",niche_4,24
CD8B,"ACTA2,ADGRE5,AGR3,AKR1C3,ANGPT2,ANKRD29,ANKRD30A,APOBEC3B,AR,BACE2,C15orf48,C2orf42,C5orf46,CAVIN2,CCL20,CCPG1,CCR7,CD247,CD3E,CD69,CD79A,CD80,CD83,CENPF,CLEC14A,CLEC9A,CPA3,CTSG,CTTN,CX3CR1,DAPK3,DMKN,DUSP2,DUSP5,EDN1","DCIS_2,Invasive_Tumor,Macrophages_1,Stromal,Myoepi_ACTA2+","niche_2,niche_3,niche_5",43
C2orf42,,,,0
CD14,"ACTA2,ADGRE5,ADIPOQ,AKR1C3,ANKRD28,APOBEC3A,AQP1,AQP3,BACE2,BASP1,BTNL9,C1QA,C1QC,C5orf46,C6orf132,CAVIN2,CCL20,CCL8,CD163,CD1C,CD27,CD3D,CD3E,CD4,CD68,CD69,CD80","DCIS_2,Unlabeled,Macrophages_1,Myoepi_ACTA2+,CD8+_T_Cells,Mast_Cells,CD4+_T_Cells,LAMP3+_DCs,IRF7+_DCs","niche_1,niche_2,niche_4",39
LUM,"ABCC11,ADH1B,ALDH1A3,APOBEC3A,BASP1,BTNL9,CCDC80,CCL20,CCL5,CCL8,CD274,CD3G,CD79B,CEACAM8,CLIC6,CRHBP,CXCL12,CXCL16,DMKN,DUSP2,EGFL7,EGFR,ELF5,DST","DCIS_1,Prolif_Invasive_Tumor,B_Cells,Perivascular-Like,IRF7+_DCs","niche_2,niche_4",31
TCF15,,,,0
RHOH,"ABCC11,ACTA2,ACTG2,ADAM9,ADGRE5,ADH1B,ADIPOQ,AGR3,AHSP,AIF1,AKR1C1,AKR1C3,ALDH1A3,ANGPT2,ANKRD28,ANKRD29,ANKRD30A,APOBEC3A,APOBEC3B,APOC1,AQP1,AQP3,DST","DCIS_2,Unlabeled,Invasive_Tumor,Macrophages_1,Stromal,DCIS_1,Myoepi_ACTA2+,CD8+_T_Cells,Endothelial,Prolif_Invasive_Tumor,T_Cell_&_Tumor_Hybrid,Mast_Cells,CD4+_T_Cells,B_Cells,Macrophages_2,Stromal_&_T_Cell_Hybrid,Perivascular-Like,LAMP3+_DCs,IRF7+_DCs,Myoepi_KRT15+","niche_1,niche_2,niche_3,niche_4,niche_5",48
MYO5B,"ACTA2,ADAM9,ADGRE5,AGR3,AHSP,AKR1C1,ALDH1A3,ANGPT2,APOBEC3A,APOBEC3B,APOC1,AQP1,BACE2,BANK1,BASP1,BTNL9,C2orf42,C5orf46,C6orf132,CAV1,CCDC6,CCDC80,CCL20,CCL8,CCND1,CD163,CD1C,CD247,CD27,CD274,CD3D,CD4,CD69,CD80,CD8A,CD9,CD93,DST","Stromal,DCIS_1,Myoepi_ACTA2+,CD8+_T_Cells,Endothelial,T_Cell_&_Tumor_Hybrid,Mast_Cells,CD4+_T_Cells,B_Cells,Perivascular-Like","niche_1,niche_2",50
EDN1,,,,0
DNTTIP1,"ABCC11,ACTA2,ACTG2,ADGRE5,ADIPOQ,AGR3,AHSP,AKR1C1,AKR1C3,ALDH1A3,ANKRD28,ANKRD29,ANKRD30A,APOC1,AR,AVPR1A,BACE2,BANK1,BASP1,C15orf48,C1QA,C1QC,C2orf42,C5orf46,C6orf132,CAV1,CAVIN2,CCDC6,CCDC80,DST","DCIS_2,CD8+_T_Cells,Prolif_Invasive_Tumor,T_Cell_&_Tumor_Hybrid,Mast_Cells,CD4+_T_Cells,Macrophages_2,Stromal_&_T_Cell_Hybrid,LAMP3+_DCs,IRF7+_DCs","niche_2,niche_4",42
IL2RA,"ABCC11,ADIPOQ,AGR3,AHSP,AKR1C1,ALDH1A3,ANKRD29,APOC1,AQP1,AQP3,AR,BANK1,BASP1,BTNL9,C1QC,C2orf42,C5orf46,CCDC6,CCL20,CCR7,CD19,CD27,CD3D,CD4,CD68,CD80,CLCA2,CLECL1,CLIC6,DNAAF1,DSC2,DUSP5,EGFL7,EGFR,DST","Unlabeled,Macrophages_1,DCIS_1,Myoepi_ACTA2+,Endothelial,Prolif_Invasive_Tumor,T_Cell_&_Tumor_Hybrid,CD4+_T_Cells,IRF7+_DCs,Myoepi_KRT15+","niche_1,niche_2,niche_3,niche_4",49
FAM49A,"ABCC11,ACTG2,AKR1C1,ALDH1A3,AQP3,BTNL9,C15orf48,C1QC,CAV1,CD14,CD163,CD247,CD27,CD274,CD80,CD83,CD8A,CDH1,CENPF,CLCA2,CLEC14A,CRHBP,CRISPLD2,CSF3,CX3CR1,CXCL12,CXCR4,CYP1A1,DST","DCIS_2,Stromal,CD8+_T_Cells,Prolif_Invasive_Tumor,T_Cell_&_Tumor_Hybrid,Perivascular-Like,Myoepi_KRT15+","niche_1,niche_2",38
SPIB,,,,0
TCF7,"ACTG2,ANKRD30A,BANK1,C15orf48,C2orf42,C5orf46,CCL20,CD14,CD247,CD27,CD4,CD68,CD80,CD83,CENPF,CPA3,CRHBP,CTSG,CYTIP,DNAAF1,DSP,EDNRB,EGFR,ERN1,FAM49A,FCER1A,FOXC2,GATA3,DST","DCIS_2,Unlabeled,Endothelial,Perivascular-Like",niche_3,34
LYZ,"AGR3,ALDH1A3,APOC1,BACE2,C2orf42,CCDC6,CCL8,CCND1,CD14,CD3D,CD9,CDC42EP1,CDH1,CEACAM8,CENPF,CPA3,CRISPLD2,CSF3,CTLA4,CTSG,DAPK3,DERL3,DUSP5,EGFL7,EGFR","Macrophages_1,Stromal,Myoepi_ACTA2+,T_Cell_&_Tumor_Hybrid,Macrophages_2,Stromal_&_T_Cell_Hybrid,LAMP3+_DCs,IRF7+_DCs,Myoepi_KRT15+",niche_3,35
MYLK,"ACTA2,ACTG2,ADGRE5,AHSP,ANKRD30A,AQP1,BASP1,CCDC80,CCND1,CCPG1,CD9,CEACAM6,CTH,CTTN,CXCL12,DSP,EGFR,EIF4EBP1,ENAH,EPCAM,ERBB2,FAM107B,DST",Stromal,,24
CD1C,,,,0
TAC1,,,,0
SERPINB9,"ABCC11,AHSP,AIF1,AKR1C3,ALDH1A3,APOBEC3B,BASP1,BTNL9,C6orf132,CCDC80,CD163,CD274,CD3E,CD4,CD68,CD79B,CD80,CD8B,CD93,CDH1,DST","Unlabeled,Invasive_Tumor,Macrophages_1,Stromal,CD8+_T_Cells,Prolif_Invasive_Tumor,Mast_Cells,CD4+_T_Cells,Stromal_&_T_Cell_Hybrid",,30
POLR2J3,"AKR1C3,ANKRD30A,APOBEC3B,APOC1,C1QA,C1QC,CCND1,CD19,CD79A,CD86,CD8A,CEACAM6,CRISPLD2,CTTN,CXCL12,CYTIP,DAPK3,DSC2,DSP,DUSP5,ENAH,ERBB2,ERN1,ESR1,FLNB,FOXA1,FSTL3,DST","Invasive_Tumor,Myoepi_ACTA2+,CD8+_T_Cells,B_Cells,Myoepi_KRT15+",,33
CAVIN2,,,,0
HMGA1,"ACTA2,AQP1,CAV1,CCL8,CD79B,CENPF,CPA3,CTSG,DSP,ELF5,FAM107B,GNLY,GZMK,ITGAX,KRT16,KRT6B,KRT7,LEP,LILRA4,MLPH,NDUFA4L2,PIM1,SEC11C,TIGIT,TRAPPC3,TRIB1,ZEB2","Unlabeled,Myoepi_ACTA2+,Macrophages_2,Perivascular-Like,LAMP3+_DCs,IRF7+_DCs",,33
EGFL7,,,,0
LY86,,,,0
TIFA,"ADAM9,ADIPOQ,AIF1,AKR1C1,ALDH1A3,ANGPT2,AQP1,BACE2,BANK1,BTNL9,C1QC,C2orf42,CCDC6,CCND1,CCR7,CD19,CD274,CD3D,CD4,CD8B,CLCA2,CLDN5,CLEC14A,CLEC9A,CSF3,CTTN,CX3CR1,CXCL12,CXCL16,CXCL5,DAPK3,DNAAF1,DUSP2,EGFR,ESM1,FAM49A,FASN,FCER1G,FCGR3A","Unlabeled,Endothelial,Mast_Cells,B_Cells,Macrophages_2,Stromal_&_T_Cell_Hybrid,LAMP3+_DCs,Myoepi_KRT15+","niche_1,niche_2",49
CD83,"ACTA2,ADGRE5,ADIPOQ,AIF1,AKR1C1,ANGPT2,APOBEC3A,APOBEC3B,AQP3,BANK1,C15orf48,C6orf132,CAVIN2,CCDC80,CCL5,CCL8,CCPG1,CCR7,CD14,CD163,CD274,CD3G,CD69,CD79B,CD80,CD93,CENPF,CLDN4,CLEC9A,CLECL1,CRHBP,CRISPLD2,CSF3,CTSG","DCIS_2,Macrophages_1,Myoepi_ACTA2+,Endothelial,Mast_Cells,CD4+_T_Cells,Perivascular-Like",niche_2,42
LILRA4,,,,0
DNAAF1,,,,0
ADIPOQ,,,,0
QARS,"ABCC11,ACTA2,ADAM9,ADGRE5,ADIPOQ,AIF1,AKR1C3,ANKRD30A,APOBEC3B,AR,BACE2,BASP1,C2orf42,CCDC6,CCDC80,CCL20,CCL5,CCL8,CCND1,CCPG1,CD1C,CD3E,CD3G,CD4,CD69,CD79A,CD8A,CEACAM6,DST","Macrophages_1,DCIS_1,IRF7+_DCs",niche_1,33
IL2RG,"ABCC11,ACTG2,ADH1B,AGR3,AIF1,AKR1C3,ALDH1A3,ANGPT2,ANKRD28,APOBEC3A,APOC1,AQP3,BACE2,BANK1,BASP1,C1QC,C5orf46,CCND1,CCPG1,CD274,CD3E,CD4,CD80,CD8A","DCIS_2,Invasive_Tumor,Macrophages_1,Endothelial,T_Cell_&_Tumor_Hybrid,Mast_Cells,B_Cells,Macrophages_2,IRF7+_DCs,Myoepi_KRT15+","niche_2,niche_3",36